artist,track,track_id,flag
Abderraouf Ouertani,Conte d'un luth amoureux,0ZsnBdxkplFg588nv3eoaw,0
Abderraouf Ouertani,Conte d'un luth désespéré,7gyX9DPjwCsa86CQstx23H,0
Abderraouf Ouertani,De Tunis à Kélibia,7cxTlBGiHRMFI85SUdcPLH,1
Abderraouf Ouertani,"La médina perdue, Tunis",1DIVnH0sYyavbqgCimd9aj,1
Abderraouf Ouertani,"La médina retrouvée, le Kef",0B6q5qTiHIyGsBoonXMr49,1
Abderraouf Ouertani,Lamentations bipolaires,3j0obpF6E4yxU6fUXoQ0xu,1
Abderraouf Ouertani,Les yeux de T.,6yYi3vLy85Jw85VcIhyVVd,1
Abderraouf Ouertani,Lettre à Oumayma no.1,2bvo9b9tmsbkQoOyt7U0d1,1
Abderraouf Ouertani,Lettre à Oumayma no.3,6ne57TGAJHoiYLgJ0jeTAb,1
Abderraouf Ouertani,Lettres de T.,6UpGvdTKlEjq7hDx7rBC27,1
Abderraouf Ouertani,"Suite No. 3 pour oud et orgue ""la pénultième femme"": 1er mouvement",4zFIacX0qFZPBZzpwSloE0,1
Abderraouf Ouertani,"Suite no. 2 pour oud et piano ""Déterritorialisation"": Mouvement no. 1",16hWVdx6iX0J4MDxdKaILx,1
Abderraouf Ouertani,"Suite no. 2 pour oud et piano ""Déterritorialisation"": Mouvement no. 3",5PVAb9jYNG7vtSipEGzhKx,1
Abderraouf Ouertani,"Suite no. 2 pour oud et piano ""Déterritorialisation"": Mouvement no. 4",1KptyH52XeZOAUl9mkmNYO,1
Abderraouf Ouertani,"Suite no. 2 pour oud et piano ""Déterritorialisation"": Mouvement no. 5",0fiGgtqEaXFoCyvReHSl2r,1
Abderraouf Ouertani,Vague souvenir,3syPoq6nIxCpDDiajszzHI,1
Agitation Free,First Communication,5CevbpxOgTUNsPuJUTl6RZ,1
Agitation Free,In the Silence of the Morning Sunrise,5p5vY3bPxZWvbtNwaw4RsU,2
Agitation Free,Nomads,58KHyE0oq60fqeLnsZBWTk,1
Al Di Meola,Brave New World,6Mb7zB6hyARIHhkPpPLlIR,1
Al Di Meola,Coral,4tvfngzEChy1HWMpcI2SE3,3
Al Di Meola,"Frevo Rasgado - Live at Warfield Theatre, San Francisco, CA - December 5, 1980",7FTVxuaujg1LV0QAkF8JCs,1
Al Di Meola,If We Meet Again (Pt. 1),5GutQag5cZOsWmkA0nGQaE,1
Al Di Meola,La Lluvia - Radio Remix,0ynfttq8R0p3EMmFlWUzpX,1
Al Di Meola,"Mawazine, Pt. I",0Dx638H6Uz87U0aU1O6qdf,1
Al Di Meola,Oblivion,745ECNomCDA8KOMUM1sMdR,10
Al Di Meola,That Way Before,08Gpg3ZZZbfYNjs7iTYMfo,1
Al Di Meola,Vertigo Shadow,3CSEbkmTOiNThk61g58maQ,2
Alphataurus,Croma,5i5Nm7ks5DHNfnIHMKWo7o,3
Alphataurus,Dopo l'uragano,0TpA68slx1c5P4YjAfGmJg,0
Alphataurus,Gocce,0fAARKnOzo1DzViDXRpmlF,1
Alphataurus,La mente vola,1B4XcCAhhj6r2ji1dcISEU,2
Alphataurus,Ombra muta,2s93ECSpN2TTI0ekrjvvDC,2
Alphataurus,Peccato d'orgoglio,09JR07UwuJtphsxvXJFzsI,0
Alphataurus,Progressiva-mente,5LVXmn0RCz8uZSGKEFwsy0,1
Anvil,AC/DC,3dsmUi45C3LAuyKViVVDlN,1
Anvil,At the Apartment,0KNDuUBRaSmf3GIGLDXCmQ,1
Anvil,Bedroom Game,1BKiiYyCap0gcvyxk3Oj6Y,1
Anvil,Heat Sink,6oXfPdVYRy8ybuwznc1SAF,1
Anvil,Hot Child,6k6JFmntfdJfpmeY3JFm3A,1
Anvil,I Want You Both (With Me),1XcPeVjCyV94isCV3L3SXS,1
Anvil,Jackhammer,1hYDBpr5dB17Y64Uuo9uyv,2
Anvil,March of the Crabs,6uuYXq7Hs8V4QSrZMDNJnu,1
Anvil,Metal On Metal,56uiDIiXz2sRoQ0AXq84aI,2
Anvil,Mothra,5Xgz6AYu0YgQroIXJOOcXT,1
Anvil,Oh Jane,2EG9y4rjcQOaFK2AwqwmIu,1
Anvil,"Ooh Baby, Baby",46V4HywBPtHDN4VPQ41ycH,1
Anvil,Paint It Black,7w2lUUQJT3WLWSIdxkYbyL,1
Anvil,School Love,0IktWVSl8V0SLJdv15yRVt,2
Anvil,Stop Me,6fM9wBQRsxIFl2QYOtU6AK,1
Anvil,Tag Team,4hEd3giKWPKTt6m6s58hID,1
Aram Khachaturian,Gayane Suite No. 1: I. Introduction,3jWo6nJsHW32mRF4oyVOgN,2
Aram Khachaturian,Gayane Suite No. 1: II. Gayane and Giko,7xubNsMtHeOQDTkcDzhpNW,4
Aram Khachaturian,Gayane Suite No. 1: III. Armen's Solo,3zpqOyj8QJKmmFEQYe2pp4,0
Aram Khachaturian,Gayane Suite No. 1: IV. Matsak and Armen,30eEb9oFBLiImxiqlKI1SF,2
Aram Khachaturian,Gayane Suite No. 1: V. Gayane's Solo,0rJZXKLvTAWQs2Pzp7c2lT,0
Aram Khachaturian,Gayane Suite No. 2: I. Harvest Holiday,3a6gkcr3bbBJsthsEOPNMx,7
Aram Khachaturian,Gayane Suite No. 2: II. Dance of the Girls,3nOcXgA7KEuc9BmgoE7CS1,3
Aram Khachaturian,Gayane Suite No. 2: III. Dance of the Boys,4ngWZS08gH0ZoqS3ym8q5Z,6
Aram Khachaturian,Gayane Suite No. 2: IV. Choosing the Bride,5Fv8Y4KQbDgZrxUSRzmhs7,3
Aram Khachaturian,Gayane Suite No. 2: V. Lullaby,0bFyfxWUwL8qAyBkT7c4v8,3
Aram Khachaturian,Gayane Suite No. 2: VI. Sabre Dance,3MMxCtGgHiYrYzH2xvfFCD,2
Aram Khachaturian,Gayane Suite No. 3: I. The Hunt - Andante,6Ajiqyvvu92ZUZUc8P9HAO,2
Aram Khachaturian,Gayaneh: Sabre Dance,4Zr8tiflPrw0Ai6HOD6tzT,7
Aram Khachaturian,Khachaturian: Spartacus Suite No. 2: I. Adagio of Spartacus and Phrygia,2nVt0n0aSj3AwZjakMvDHX,6
Archie Shepp,Attica Blues,6VdtTwF9ZW5m9Lct4ep02s,3
Archie Shepp,Bakai,5LLZnk0sOrJHdyE4Zepe4K,2
Archie Shepp,Damn If I Know (The Stroller),7lU5TDFMrJZv7johVNn8hR,2
Archie Shepp,"Dr. King, The Peaceful Warrior",0MKeNeFMYuSCv3PAoAammD,1
Archie Shepp,Fiesta,1sa8ec3F8SCQtYYcqlSxge,1
Archie Shepp,Frankenstein,0RhmIJSHOPixnjSugQ2rOv,1
Archie Shepp,Invocation To Mr. Parker,0sPwq2H9QVeio1W3QX1vkv,1
Archie Shepp,Invocation: Attica Blues,0sPwq2H9QVeio1W3QX1vkv,1
Archie Shepp,Invocation: Ballad For A Child,7tAoYrX0MOuSXwKtS4zb0T,1
Archie Shepp,New Africa,7AcO6aJciX6N5bywkzyy5R,2
Archie Shepp,Sophisticated Lady,76HeN447wl5isHBUvg400g,8
Archie Shepp,Steam (Part 1),2CsJmLlPQI24vl9OGY0BkS,1
Area,Arbeit macht frei,2LPJZo0XENiL1BP0Mwjf2I,4
Area,Area 5,7fz1RiuhTrxlMe8CzaJUV6,1
Area,Brujo,2r7qYAbR1YdSTjGuqRXhcw,3
Area,Cometa rossa,5OfcrSz0R7e8qwGsFGAkzi,3
Area,Cometa rossa - Live 1975,4dk81rEMGxanU9JZ9wsNu9,1
Area,Consapevolezza,6qZOor6ogS9HOoOBOwfWJg,3
Area,Diforisma urbano,6YezusPVtx92CgNWw7eOXx,2
Area,Evaporazione,3F8L6cHz74ojAi62LU9lxQ,3
Area,Gerontocrazia,0gxCaNj8D1RJ76zPKVQnh3,3
Area,Guardati dal mese vicino all'aprile - 2018 Remaster,4wN7oT78emIkTOxVTmRuIE,0
Area,Hommage à Violette Nozières - 2018 Remaster,3BUtisXLn0ZLyosevLMmRI,1
Area,Ici on dance! - 2018 Remaster,0f7qnFOxPKk41qyLGRq30E,1
Area,Il bandito del deserto - 2018 Remaster,3cKqnl1BTa37XVM864UARB,1
Area,Implosion,1Cik6ACFfxKJcZhkJFZBKT,2
Area,Interno con figure e luci - 2018 Remaster,1MLMzykjRjO8Hujh2Ic2qt,1
Area,L'elefante bianco,0MH7baopcs2vSSojpx99G2,0
Area,La mela di Odessa (1920),4cdNfpYWjqIv6aal7wbETb,4
Area,Lobotomia,2ME7dc3uKqw6kt6zo7gMn1,3
Area,"Luglio, agosto, settembre (nero)",0TPr5hnZsUpJcibgC9U4OS,3
Area,"Luglio, agosto, settembre (nero) - Live 1975",4Dm5bZF9kPLYFO4LuYixFC,2
Area,Megalopoli,04KlcdWJHN1AhoJClz5Ax4,3
Area,Mirage!,4mrSGTcooXTSc8PHCxsrGT,3
Area,Nervi scoperti,6AtzzRQyOdBu2oG62nwIWY,3
Area,Return from Workuta - 2018 Remaster,0xbrKP2BeI6jUIe1IRTwWy,1
Area,ZYG (Crescita zero),3a2gLPG8HvkKHxrvJk34ym,1
Arti & Mestieri,Aria pesante,2kDIE7NIvWqXNMhOSjsyws,1
Arti & Mestieri,Arterio (sclerosi),1q8g7GRP0BYA0PDkZ23arf,1
Arti & Mestieri,Articolazioni,3QzJft0yDPttvTJXEFQX3N,1
Arti & Mestieri,"Consapevolezza, Pt. 1",3Aqwtfw2KakRvpxycnl9yk,1
Arti & Mestieri,"Consapevolezza, Pt. 2",0utWmKHGilslElvwLvpvfl,1
Arti & Mestieri,Dimensione terra,3s6AUZ7mKLC6LX4e3VE9wM,1
Arti & Mestieri,Marilyn,6TAruAJQxAIsVU2O3ExPHh,1
Arti & Mestieri,Mescal,46qTBpG6PMQBrvO10f1eDl,1
Arti & Mestieri,Mescalero,46qTBpG6PMQBrvO10f1eDl,1
Arti & Mestieri,Mirafiori,3MjnOFvEH40aVq2fmqlZeX,1
Arti & Mestieri,Nove lune dopo,4eRQ8OylkilwrcTFMpmwVi,1
Arti & Mestieri,Quinto stato (emarginato),1OjGLyL4gzLJGlrkXMz1ou,1
Arti & Mestieri,Rinuncia,0uihVMdShPQxnuJHXlIx08,1
Arti & Mestieri,Sagra,7LNHQc4Nw0xL03SHAP4o7s,1
Arti & Mestieri,Saper sentire,34mCaPoL7O2orY7W6heSnC,1
Arti & Mestieri,Terminal,65bjyudTwJgsQuCzH6fapi,1
Arti & Mestieri,Tilt,4wwCWoqITC94YTHZnHhbbX,1
Arti & Mestieri,Torino nella mente,69HvjDgdFiGbyBhEv15Lj5,1
Arti & Mestieri,Vicolo,6keXlv0Q9iT34OWIOLAjuy,1
BAP,Wofür?,083i69R5kIyhBuG1hcpCJY,1
Banco Del Mutuo Soccorso,10 Giugno 1924,2DyxhTrCPqzGP5OugqhyWn,1
Banco Del Mutuo Soccorso,750.000 Anni Fa... L'Amore? - Live,7DkiptvNa3vCEZHTHySxqB,0
Banco Del Mutuo Soccorso,Allons Enfants,7w9eMLoKCWKZGoo7FMsQos,2
Banco Del Mutuo Soccorso,Baciami Alfredo,5Yt3iDajTvgVF4QG49jvK3,2
Banco Del Mutuo Soccorso,Bisbigli,2gEEcSRC8r5vxsToney0Sk,1
Banco Del Mutuo Soccorso,"Buonanotte, Sogni D'Oro",4CLjpgZKwB9JcfpYKbwqPg,0
Banco Del Mutuo Soccorso,Buone notizie,55oXXBRJfA4WMHBFPkng9O,3
Banco Del Mutuo Soccorso,Campi di Fragole,5D89JSsYD209JA2FTTwHtS,1
Banco Del Mutuo Soccorso,Canto Di Primavera - Live,2O1ZRCBNb8LtBIaK9cj4g5,1
Banco Del Mutuo Soccorso,Capolinea (1° Parte) - Live,0vhHzJrc7HEFaSGstiivLE,1
Banco Del Mutuo Soccorso,Capolinea (2° Parte) - Live,1Dbb4UdtSFfygonkIK2OJG,1
Banco Del Mutuo Soccorso,Circobanda,6tBPTJgj6C9WGILOrz0oa1,1
Banco Del Mutuo Soccorso,Di Terra - Remastered 2022,1aXqCD62UKqIRa5EMdNTdZ,1
Banco Del Mutuo Soccorso,Donna plautilla,4htHbtuxSBsVVfgHzBMI5Z,2
Banco Del Mutuo Soccorso,Dove sarà,1fGmJtZnFwipElyDb09ZAd,2
Banco Del Mutuo Soccorso,Eterna Transiberiana,4SUkmacoah9Jr3wzfBkS04,1
Banco Del Mutuo Soccorso,Fino Alla Mia Porta,2rWEbA4iZyJ0jMthYmKkSs,2
Banco Del Mutuo Soccorso,Funerale,6AwG2cptOw0aX1USOvxvld,1
Banco Del Mutuo Soccorso,Garofano Rosso - Live,05VyUyjbWwbx5btYraz0ju,1
Banco Del Mutuo Soccorso,I ruderi del gulag,7t4TGn0RQGpuf2mZu9YitT,2
Banco Del Mutuo Soccorso,Il Ragno - Live,4a06zMXVRJgm4HqkpsXjPi,1
Banco Del Mutuo Soccorso,Il grande bianco,5rR9CaTN6nZN6tbcKuoC75,1
Banco Del Mutuo Soccorso,Il ragno - Live at Festival Prog di Veruno 2018,4a06zMXVRJgm4HqkpsXjPi,1
Banco Del Mutuo Soccorso,Interno Città,2D50VIuM5mR9e9HiGIcCQp,1
Banco Del Mutuo Soccorso,Io Vivo (Fusione Per Trenta Elementi) - Remastered 2022,2LAMNnb7R06Xn6g5tyjVoo,1
Banco Del Mutuo Soccorso,L'assalto dei lupi,1QBrYoaTGimufzmCaZmf8P,0
Banco Del Mutuo Soccorso,L'imprevisto,225QtcURYf3beqFQeSHxh3,0
Banco Del Mutuo Soccorso,La Danza Dei Grandi Rettili,6f5m4qtX0PfPo2klpZUlUj,4
Banco Del Mutuo Soccorso,La Notte È Piena,2w1DcOhb84rBrtd6bFaBAL,1
Banco Del Mutuo Soccorso,La Pianura Rossa,5LewMM2wYSUiEqnEhbUE89,2
Banco Del Mutuo Soccorso,La conquista della posizione eretta,0IIqCCfKmobPchLsO6YYHy,5
Banco Del Mutuo Soccorso,La discesa dal treno,0O9dtCsMTsVIo0tF8AVJQ5,1
Banco Del Mutuo Soccorso,Lasciando alle spalle,5WCY6WwclaJatzsVl1pAhy,1
Banco Del Mutuo Soccorso,Lo sciamano,5CXEyrBbJQnWfAHfuuWyTJ,1
Banco Del Mutuo Soccorso,Lungo Il Margine,54prjlEmGpX8gBHF9516m5,1
Banco Del Mutuo Soccorso,Metamorfosi - Live at Festival Prog di Veruno 2018,6Y1EIqJuZiSeLPvJhkKC2W,1
Banco Del Mutuo Soccorso,Mexico City,40cFljl4F67iat5cwOhOIL,4
Banco Del Mutuo Soccorso,Moyo Ukoje,5kjBkYHQxKSdAc8bBBKfox,1
Banco Del Mutuo Soccorso,Nei Suoni E Nei Silenzi (Pulsazioni In Si Minore) - Remastered 2022,5zJry9SGXpj3eUTMFR2k1p,1
Banco Del Mutuo Soccorso,Nel Cielo E Nelle Altre Cose Mute (Do Largo) - Remastered 2022,3coFCSRPmQ3U0sy6tiWyWy,1
Banco Del Mutuo Soccorso,Ninna nanna,4gXOKfgeihbAQHnYIZjm9o,3
Banco Del Mutuo Soccorso,Non Mi Rompete - Live,2VSWCGfpdqp8afhvY4VPOj,1
Banco Del Mutuo Soccorso,Non Senza Dolore (Chorale In Fa Minore) - Remastered 2022,36bhCJ4pbogv4FyhrfMBBL,1
Banco Del Mutuo Soccorso,Né Più Di Un Albero Non Meno Di Una Stella (Do Gruppo) - Remastered 2022,1UnoIwVRPeIeKjj1knEMyn,1
Banco Del Mutuo Soccorso,Oceano: Strade di sale,14be8GoAxJmWbqUmoywJzk,1
Banco Del Mutuo Soccorso,Passeggiata In Bicicletta E Corteo Di Dimostranti,3c4RWhwqV1cPgl46xQsL5a,1
Banco Del Mutuo Soccorso,Pioverà,6XkhT9nIRt1jbju1EVdipC,3
Banco Del Mutuo Soccorso,Proemio,1QJgkFxhKGPioBYItKzRHW,1
Banco Del Mutuo Soccorso,Quando La Buona Gente Dice,1beuHGPIQjDGvHEztJnZnd,1
Banco Del Mutuo Soccorso,Quasi Saltarello,6anZB07jebMinXFZyBrYdZ,1
Banco Del Mutuo Soccorso,R.I.P. (Requiescant In Pace) - Live,1eFgfvA5yuetLavdrCKIDW,1
Banco Del Mutuo Soccorso,Senza Riguardo,75m0GQn4SBD2rD5856SxIA,1
Banco Del Mutuo Soccorso,Sono La Bestia,1mTsmb3MpLvxKVfnzUJ6JF,1
Banco Del Mutuo Soccorso,Stelle sulla terra,6AJkBfMG04lro36znKVag3,1
Banco Del Mutuo Soccorso,Terramadre (Sol Improvviso) - Remastered 2022,6Mob2WhsyQQeMqjnczLQVf,1
Banco Del Mutuo Soccorso,Velocità,5VS9MK2kCWCwG0zIi6YGUM,2
Banco Del Mutuo Soccorso,Voilà Mida! (Il Guaritore),16GL6rJN2g4u1v37ZFmHvV,1
Banco Del Mutuo Soccorso,Zobeida,5GbNf6sCdOiKlrdkCgP41m,1
Beggars Opera,Impromtpu,0ubGe9zn2OKQHRXiMAMx8a,1
Beggars Opera,Memory,5EyfGISuMZ4NBDbcTySDrR,2
Beggars Opera,Pathfinder,0q8uhGUN9CddoQ4JiW084r,2
Bill Bruford's Earthworks,A Stone's Throw,689zjGp8QMDTW75ozFo5e1,0
Bill Bruford's Earthworks,Bridge of Inhibition,2RWEwq3VFFLugXW3RFn1B2,3
Bill Bruford's Earthworks,Emotional Shirt,283KTCHbJ7unRMFo3bm98Z,4
Bill Bruford's Earthworks,It Needn't End In Tears,7tIqxJ80hQFXDEXidM5yqx,0
Bill Bruford's Earthworks,It Needn't End in Tears,7tIqxJ80hQFXDEXidM5yqx,0
Bill Bruford's Earthworks,Making a Song and Dance,0SxePj9Ar5IFMKJacPgd0U,1
Bill Bruford's Earthworks,My Heart Declares a Holiday,7lzGrVVu1x7cO0bFIYctTb,1
Bill Bruford's Earthworks,Pressure,0WmnyzPYwoDwoe7yWyz5EI,2
Bill Bruford's Earthworks,The Shepherd Is Eternal,5kcBPBJJJ2o4uuYAthcfKk,2
Bill Bruford's Earthworks,Thud,0Qc80U1jKZC3Khcdchi1o9,3
Bill Bruford's Earthworks,Up North,4rmewFcO27MAulEUF6iTYf,6
Black Sabbath,A National Acrobat (2009 Remaster),6iJuDBangLQkI7cc9MdjPw,1
Black Sabbath,Behind the Wall of Sleep - 2009 Remaster,5JYanX4zPe3uX3nShgE0qR,1
Black Sabbath,Children of the Sea,7MDBR4dEvtOGNyOBKNmP8n,2
Black Sabbath,Heaven and Hell,5qxN63QA4Hk1zgdLCsZFE2,2
Black Sabbath,Into the Void (2009 Remaster),09EQqFGUTJW6X4NksMPM0O,1
Black Sabbath,Laguna Sunrise - 2009 Remaster,2HuDXpZPIXiEQbFBUXqktZ,2
Black Sabbath,N.I.B. - 2009 Remaster,3XclwoQxz4p6Dl7VUf90KW,3
Black Sabbath,Orchid (2009 Remaster),42HN6p1xRxAn439UH1MJ6G,1
Black Sabbath,Sabbath Bloody Sabbath (2009 Remaster),29KYPEsbcMcVKnd6iyu6Q5,1
Black Sabbath,Sleeping Village - 2009 Remaster,1K8N1137M0cVuKEzLTBmLg,1
Black Sabbath,Solitude (2009 Remaster),6VfoT86lDJ18YhLCDHKgEL,1
Black Sabbath,Zeitgeist,4HFRItYjNrcwT6Vbtbk2i4,3
"Blood, Sweat & Tears",I Love You More Than You'll Ever Know,608HuKHFh2N62z3Ja5vxXj,0
"Blood, Sweat & Tears",Morning Glory,5hjRILhaVvc5ig1LRPCDTL,2
"Blood, Sweat & Tears",My Days Are Numbered,7czKJTL04SFhBcR3zq4KID,4
"Blood, Sweat & Tears",Overture,6YB13JoI4jlygmf3lD6KJe,3
Blue Öyster Cult,7 Screaming Diz-Busters,3NSuvfVI6lCAwjwB8zDSG5,4
Blue Öyster Cult,Astronomy,2g02rt0UFudctbAnmJsm22,6
Blue Öyster Cult,"Before the Kiss, a Redcap",3GPUviLl2DY4YDsaUu6sMP,3
Blue Öyster Cult,Burnin' for You,3fkPMWQ6cBNBLuFcPyMS8s,0
Blue Öyster Cult,Cagey Cretins,2SDaN7bVRNzg1rrev8MR5p,2
Blue Öyster Cult,Career Of Evil - Live,57LgNVZchUyLBLPPkspp8J,2
Blue Öyster Cult,Career of Evil,1hNIb1XdqTfcanT6yr9l4k,3
Blue Öyster Cult,Dominance and Submission,4cOqjEZyN13voCKivT0ae2,2
Blue Öyster Cult,Flaming Telepaths,1SphwtRn4YYVffKnTWaugH,5
Blue Öyster Cult,Harvester of Eyes,6YDNwLKXsaHgn7SQzcOiJ3,2
Blue Öyster Cult,Hot Rails to Hell,2w5MuKgxcwhCCJcgcGHDh9,1
Blue Öyster Cult,I'm On the Lamb but I Ain't No Sheep,1G71UvXw5TFdGMQxkzFgdT,0
Blue Öyster Cult,ME 262,273lBFpxUCwisTpdnF9cVb,2
Blue Öyster Cult,O.D.'d On Life Itself,25bhZC815VKJyXBF15UVje,0
Blue Öyster Cult,Screams,2KsnSzoJlmfT44jFOqRP1E,2
Blue Öyster Cult,Stairway to the Stars,3VH9PB4maOkYsS1KKXDBb1,3
Blue Öyster Cult,Subhuman,0N897u5L9LpXEvCu6yhRIf,2
Blue Öyster Cult,The Red & the Black,1mKM34k8n1nLeMF1yt9EKS,3
Blue Öyster Cult,Veteran of the Psychic Wars,1bPUK3zBMK73QXmCLzqffn,2
Bob Dylan,On a Night Like This,0oID5GDN1VxgvIbeejuG1U,1
Bobby Timmons Trio,(I Don't Stand) A Ghost Of A Chance,13Fj4LVbGomopZnAjZ5gF8,0
Bobby Timmons Trio,A Little Busy,07qD4Tu7a1CQ63fFmV3BnU,5
Bobby Timmons Trio,Dat Dere (Theme),6PFR2aa6vZ6BIeRAEifQux,2
Bobby Timmons Trio,Easy Does It,25aN8wqsZCBUcSwIE1eIta,5
Bobby Timmons Trio,Groovin' High,4CWQs3vw8FTnQDWJ9K7ZMm,0
Bobby Timmons Trio,I Thought About You,2zDEvrze97wftaQCeRnF5I,5
Bobby Timmons Trio,If You Could See Me Now,7hKX2vjTtpZByhzNLuK2o7,5
Bobby Timmons Trio,Old Devil Moon,4F2ObmIWD0XdcPYmB5GgHt,5
Bobby Timmons Trio,Pretty Memory,3yapKC4L2MxlK5JahZlaUc,6
Bobby Timmons Trio,Samba Triste,15dePMdYIfBpUBnsElHAIg,1
Brad Mehldau,Sky Turning Grey (For Elliott Smith),1kubtQjYyZiAvOCrbQf7RP,1
Brad Mehldau,Variations on Bach’s Goldberg Theme: Aria-like,1GyfNNpmFMXarxhFDXdxBF,1
Brand X,Don't Make Waves,45rD3JRPPonzp2UvvRP5G9,0
Brand X,Sun In The Night,6L47V9vpdkGpYLLJSSadxY,3
CAN,Outside My Door,16knwNciJTIFqUJEpFm0iI,2
CAN,Pinch,3IZ1foMiWDmbE02eveN47u,1
Camel,Six Ate - Remastered 2023,749xDnxS0L89ROKdpwXTOn,1
Camille Saint-Saëns,Danse macabre,1IM8x4lxZVOOP9gpQD6c5s,1
Camille Saint-Saëns,"Danse macabre in G Minor, Op. 40",1IM8x4lxZVOOP9gpQD6c5s,8
Camille Saint-Saëns,"Danse macabre, Op. 40",1IM8x4lxZVOOP9gpQD6c5s,2
Camille Saint-Saëns,"Introduction and Rondo capriccioso in A Minor, Op. 28",4jpMbRTTjZsoMW2I7D41G7,1
Camille Saint-Saëns,"Le Carnaval des Animaux, R. 125: 12. Fossiles",5kYuHNlTjSYU97I9EFFjFS,1
Camille Saint-Saëns,"Le Carnaval des Animaux, R. 125: 13. Le Cygne",5Aa3InQJHLUtSvTDtXXMsW,1
Camille Saint-Saëns,"Le Carnaval des Animaux, R. 125: 14. Finale",3yBEoiW3lAHgfvfWNLm3zo,5
Camille Saint-Saëns,"Le Carnaval des Animaux, R. 125: 7. Aquarium",0W4kuUA1ZoBrJ6ELXRgLE9,4
Camille Saint-Saëns,"Le Carnaval des Animaux, R.125: 1. Introduction et Marche royale du Lion",3lGHKpgbLIF7rdK4ubZLso,2
Camille Saint-Saëns,"Le Carnaval des Animaux, R.125: 10. Volières",6mS8a9UG3TxgAurTrUhiYj,6
Camille Saint-Saëns,"Le Carnaval des Animaux, R.125: 11. Pianistes",2Rv7P1GmQZWdB7BZKIveM5,5
Camille Saint-Saëns,"Le Carnaval des Animaux, R.125: 2. Poules et Coqs",6Uz3BfWPO4yvfOHbjQmJYK,4
Camille Saint-Saëns,"Le Carnaval des Animaux, R.125: 3. Hémiones (Animaux véloces)",7JM8U9ZHNayIChTXnnajwY,6
Camille Saint-Saëns,"Le Carnaval des Animaux, R.125: 4. Tortues",5Un9h6xPqnHSvguexXnbEg,6
Camille Saint-Saëns,"Le Carnaval des Animaux, R.125: 5. L'Eléphant",5JfeH4GT44wGGB5VslYr5b,0
Camille Saint-Saëns,"Le Carnaval des Animaux, R.125: 6. Kangourous",5GD9gbqYbXO0i7R3pPwZ6m,5
Camille Saint-Saëns,"Le Carnaval des Animaux, R.125: 8. Personnages à longues oreilles",3O6FnfOnvdJR9WR83yM8CI,6
Camille Saint-Saëns,"Le Carnaval des Animaux, R.125: 9. Le coucou au fond des bois",6iNNrG9tCm2f6F0SLvr4M6,4
Camille Saint-Saëns,"Le Rouet d'Omphale, Op. 31",0Cq0sCSWPz9RQm3KAbPGDU,0
Camille Saint-Saëns,"Phaéton, Op. 39",6ckEdhK3BFxJo37cpd1vfd,6
Camille Saint-Saëns,"Piano Concerto No. 1 in D Major, Op. 17: 1. Andante - Allegro assai",2ZBlOmxQnGPJjJELOC9sKr,3
Camille Saint-Saëns,"Piano Concerto No. 1 in D Major, Op. 17: 2. Andante sostenuto quasi adagio",2A08EzraMS1hUac5KlYAdq,4
Camille Saint-Saëns,"Piano Concerto No. 1 in D Major, Op. 17: 3. Allegro con fuoco",1eY9k5f6eOCJyz3Tdp5ERx,4
Camille Saint-Saëns,"Piano Concerto No. 2 in G Minor, Op. 22, R. 190: 1. Andante sostenuto",3xDHAFIRy2DdFlhYQBgHSA,4
Camille Saint-Saëns,"Piano Concerto No. 2 in G Minor, Op. 22, R. 190: 2. Allegro scherzando",0fdRXGuzPy1NDWlpeI0a3k,3
Camille Saint-Saëns,"Piano Concerto No. 2 in G Minor, Op. 22, R. 190: 3. Presto",20pa2M9PiHxBsfvJuHnefG,8
Camille Saint-Saëns,"Piano Concerto No. 2 in G Minor, Op. 22: I. Andante sostenuto",3xDHAFIRy2DdFlhYQBgHSA,3
Camille Saint-Saëns,"Piano Concerto No. 2 in G Minor, Op. 22: II. Allegro scherzando",2jmiEvEAY6SSQY3IyKuqO1,5
Camille Saint-Saëns,"Piano Concerto No. 2 in G Minor, Op. 22: III. Presto",2U1pfFYMRbtgEwvG5HFEwG,5
Camille Saint-Saëns,"Piano Concerto No. 3 in E-Flat Major, Op. 29: 1. Moderato assai",2bCn4fY0hCv0bwuka4USBN,1
Camille Saint-Saëns,"Piano Concerto No. 3 in E-Flat Major, Op. 29: 2. Andante",44uBql5JOmWK3Wtoz1GuKz,1
Camille Saint-Saëns,"Piano Concerto No. 3 in E-Flat Major, Op. 29: 3. Allegro non troppo",3JzDTzDrmkJy80TPaEQ2ab,1
Camille Saint-Saëns,"Piano Concerto No. 4 in C Minor, Op. 44: 1. Allegro moderato - Andante",7027fMDrgirxF8B88cmJ8c,2
Camille Saint-Saëns,"Piano Concerto No. 4 in C Minor, Op. 44: 2. Allegro vivace - Andante - Allegro",7uAcY4vy98w8SWflbLerde,3
Camille Saint-Saëns,"Piano Concerto No. 5 in F Major, Op. 103 ""Egyptian"": 1. Allegro animato",7vi2Uml8bRxhzoIcZWPeRx,2
Camille Saint-Saëns,"Piano Concerto No. 5 in F Major, Op. 103 ""Egyptian"": 2. Andante",4BgQI6uE5SI3BQm5Z2XpB5,2
Camille Saint-Saëns,"Piano Concerto No. 5 in F Major, Op. 103 ""Egyptian"": 3. Molto allegro",1as21AYGIPpFn9OWxgITWM,4
Camille Saint-Saëns,"Saint-Saëns: Samson et Dalila, Op. 47, Act 1: Chœur des Hébreux. ""Dieu ! Dieu d'Israël ! Écoute la prière"" (Les Hébreux)",7ovOYUsXoZp5wmBkGRgklb,0
Camille Saint-Saëns,"Saint-Saëns: Samson et Dalila, Op. 47, Act 2: Prélude",6nXmb477NQTGmKxunak2hy,5
Camille Saint-Saëns,"Sinfonie Nr. 3 c-Moll, Op. 78, ""Orgelsinfonie"": 2. Maestoso - Allegro - Più allegro - Molto allegro - Pesante (Ein Schweinchen names Babe): I. Adagio - Allegro moderato -",7jwJ2lXaMN9ze34cz1jrDT,5
Cannonball Adderley,Autumn Leaves,0X5DcGkbxCXSadgj01ZXd7,6
Cannonball Adderley,Bangoon (aka Alison's Uncle),44KxNh7vL5U0nbtQ1305jG,0
Cannonball Adderley,Dancing In The Dark,5DDx7lVobjWfLyvRDtW7BX,6
Cannonball Adderley,Love For Sale,16Po3i2Kcsy74jz0lp6fdJ,5
Cannonball Adderley,One For Daddy-O,4f0D7T8yswXUJ62AKLoMtS,5
Cannonball Adderley,Somethin' Else,1iXpq6uyves7dVGJ4MwGYr,0
Claude Debussy,"Ballade slave, L. 70",5Oieba4xZcd4aAyuqOC2mF,3
Claude Debussy,"Berceuse héroïque, L. 132",5HHdlYP3jejfBX6IdDeudQ,2
Claude Debussy,"Danse (Tarentelle styrienne), L. 69",6bg4HiHzpV09EfpctGR3lU,1
Claude Debussy,"Danse bohémienne, L. 9",5CBOoi9IzjeGp4HFEuKOnW,6
Claude Debussy,"Debussy: Cello Sonata in D Minor, CD 144, L. 135: I. Prologue",4lbFG9bdGJO8z3ERHwxMyl,1
Claude Debussy,"Debussy: Piano Trio in G Major, CD 5, L. 5: III. Andante espressivo",7ipHx0jgei0eK8xn3xoKIL,4
Claude Debussy,"Elégie, L. 138",72GJf7hkLIG6zKxPowOz2k,2
Claude Debussy,"Estampes, L. 100: I. Pagodes (modérément animé)",05utSpK1EFNOnj98Aqy5Si,2
Claude Debussy,"Estampes, L. 100: II. La soirée dans Grenade",6rlMUpUHpjw39M1gW71Vf6,6
Claude Debussy,"Estampes, L. 100: III. Jardins sous la pluie",6kXyKKeJqOANzORjPc0YJg,5
Claude Debussy,"Hommage à Haydn, L. 115",31CWbfCT1m924cSxioZZat,3
Claude Debussy,"Images inédites, L. 87: I. Lent (mélancolique et doux)",434CHqIghOGGoJ19ywFnfR,2
Claude Debussy,"Images inédites, L. 87: II. Souvenir du Louvre",0eTLLmAhqv8r3BiUsrCxhY,5
Claude Debussy,"Images inédites, L. 87: III. Quelques aspects de ""Nous n'irons plus au bois"" parce qu'il fait un temps épouvantable",3Z5fVrbDRuWoiqsFhp9NcV,0
Claude Debussy,"La mer, CD 111: I. De l'aube à midi sur la mer",5gqzUMeurunLbIv1RNgSCa,0
Claude Debussy,"La mer, CD 111: II. Jeux de vagues",3arsNhhaOaNme9LYfxWlgn,5
Claude Debussy,"La mer, CD 111: III. Dialogue du vent et de la mer",2fmVpXsC2uUWacTfJDHfOi,7
Claude Debussy,"La plus que lente, L.121",6Fp0AyYxbuth9SXWqzsiwp,1
Claude Debussy,"Le petit nègre, L. 114",6oxjfsx95zkTPsIhQCVGLb,7
Claude Debussy,"Le roi Lear, L. 107: II. Le sommeil de Lear",1SmJciGhQbKQoDm4S7gEDU,2
Claude Debussy,"Les soirs illuminés par l'ardeur du charbon, CD 150",3Kb8PxQtilVLEhDWjwaiFx,0
Claude Debussy,"Mazurka, L. 67",1nQvkd2m4hqVwMqJP5vcqf,4
Claude Debussy,"Morceau de concours, L. 108",599MxINlZHTbQFJmTOx2t7,3
Claude Debussy,"Nocturne en Ré bémol Majeur, L. 82",7wffB2xS0GHzZPyRUTuF71,1
Claude Debussy,"Pour l'œuvre du vêtement du blessé, L. 133",5PwwozdBRWIGed80drcOZQ,0
Claude Debussy,"Pour le Piano, L. 95: I. Prélude (Assez animé et très rythmé)",7ErK4FP7E42nBs5t1ISGO2,2
Claude Debussy,"Pour le Piano, L. 95: II. Sarabande (Avec une élégance grave et lente)",2JdgEKyGqNTScAXlUqJxHr,1
Claude Debussy,"Pour le Piano, L. 95: III. Toccata",78Py1bz2sk5F9nDIW5ePNg,2
Claude Debussy,"Six Épigraphes Antiques, L. 131: I. Pour invoquer Pan, dieu du vent d'été",644b4eb42gQ7or6XaGOHGo,0
Claude Debussy,"Six Épigraphes Antiques, L. 131: II. Pour un tombeau sans nom",67TZIEdmkX15EgpLiLx2NF,1
Claude Debussy,"Six Épigraphes Antiques, L. 131: III. Pour que la nuit soit propice",1MhWMoiXpVR6hABjFEUL0W,1
Claude Debussy,"Six Épigraphes Antiques, L. 131: IV. Pour la danseuse aux crotales",0hbMKsXOeqld4EGxRSKxbe,1
Claude Debussy,"Six Épigraphes Antiques, L. 131: V. Pour l'Egyptienne",0S1uFewJu41cLzV2EbwZoJ,0
Claude Debussy,"Six Épigraphes Antiques, L. 131: VI. Pour remercier la pluie au matin",2U97GHaPxvJqLFEXFfLBdR,2
Claude Debussy,"Valse romantique, L. 71",5k6oL28L9X2TFxOjqnNg9A,8
Cream,Wrapping Paper - Remastered,4aDs6LBLkzJ7tHFkOOMr76,1
Cressida,Goodbye Post Office Tower Goodbye,2DJjp6X7MbkeSI9DjvmSJV,1
Cressida,Reprieved,1ueJmIyol5J8g0w8WoYySt,1
Cressida,Survivor,5UZKDgNoS3zD6BBkfwdei0,1
Cressida,To Play Your Little Game,1LWTKKN6pljX1V0q2uB0bs,1
Curved Air,Blind Man,4ql9QoR06gafYc2q02yRCc,1
Curved Air,Easy,6TOkPNie640Zg0uq82jRQh,2
Curved Air,Rob One,61SBioMbFz85TpOrxcXoor,1
Curved Air,Two-Three-Two,1M8knyvZT8s500pQDLZSFp,1
Curved Air,Young Mother,1fBY5eiPjcDdryb7o4zgSc,2
Deep Purple,Bird Has Flown - 2000 Remaster,5Xv9qS2BocaPVotelinlNN,2
Deep Purple,Bloodsucker - 1995 Remaster,4f2Mreghv4pgUIWVDJG0X7,2
Deep Purple,Concerto for Group and Orchestra - First Movement: Moderato - Allegro (with The Royal Philharmonic Orchestra),3fR35MCU0RowTWIHdDDJPp,1
Deep Purple,Flight of the Rat - 1995 Remaster,3zhuhqAO2QHQKBK1zWYGrY,2
Deep Purple,Hard Lovin' Man - 1995 Remaster,7vre86aecrNXYdqCaLCiCb,0
Deep Purple,Hush - Live,25ab5rI3yRnN4KNfMyfc5x,3
Deep Purple,Intro,57mzZptcyAGfC7xMYnQC1I,1
Deep Purple,"Smoke On The Water - Live From Osaka,Japan/1972 / 1998 Digital Remaster",5GfkfaKOTQtApatbRaGind,2
Deep Purple,This Time Around/Owed To 'G' (Medley) - 2010 Digital Remaster,5DCgfVwaAt1AexPzwhWamS,0
Dire Straits,Lady Writer,2RBcYkonAofm0rYycVrCGt,5
Dire Straits,One World - Remastered 1996,0bhI3m82sAax3LVDpuqaWu,1
Dire Straits,Single Handed Sailor,0lFnN31Rw1x5Mx1kojwQQY,2
Donald Fagen,Green Flower Street,34fWcazka5WAgvsPg1ZKXU,6
Donald Fagen,Maxine,7fW59TD8pQRSobXp3BslSd,6
Donald Fagen,Walk Between Raindrops,0bGUHUjU8IZxH2NugIjTX9,3
Dream Theater,6:00,1UQn05L6LCftnI9VoNy4Sp,1
Dream Theater,A Fortune In Lies,5g2M9oRpdhg32GepfEmUQy,2
Dream Theater,Another Day,69kZsoRrSf7GBTSdJ4BjqA,3
Dream Theater,Caught in a Web,416IJRc5siN2YTDDhZwTnu,1
Dream Theater,Erotomania,3pE7aRwRVf1557k2ZNHk3d,1
Dream Theater,In the Presence of Enemies - Part I,16sJLNVkZDQXjVDIuWgZb7,1
Dream Theater,Innocence Faded,5IeadPozPLnQ99m8U7FhFe,1
Dream Theater,Learning to Live,4jdEbvfD0u6tmOLgMKJYUg,1
Dream Theater,Lie,4YexP4i11iGj3wkZceWTCu,2
Dream Theater,Lifting Shadows Off a Dream,3i7Sf5VNs33vDMBzUe8H5A,2
Dream Theater,"Metropolis - Part I: ""The Miracle and the Sleeper""",6nRCTb5b0N5zp8WTeY6xFZ,1
Dream Theater,Pull Me Under,5CPXR6lDTvngxtmMZxnWmC,2
Dream Theater,Scarred,6Luak1DiyIeoTEr3eS2IQ0,1
Dream Theater,Scene Eight: The Spirit Carries On,7ycz6sgZWp4wvF53BZVTjE,4
Dream Theater,Scene Five: Through Her Eyes,19CegINw7X0pqHaY7YOaz8,2
Dream Theater,Scene Four: Beyond This Life,28IUH0VA4gT9jcBwd6mEtC,1
Dream Theater,Scene Nine: Finally Free,77a7YkuBz7a5UiEhBMe1xp,1
Dream Theater,Scene One: Regression,09Mb3uVnVmFCmm2uTSmVfU,1
Dream Theater,Scene Seven: I. The Dance of Eternity,7FTf3bJuCq5UYHjUwggKNB,1
Dream Theater,Scene Seven: II. One Last Time,7lr5pyqusxUQgkJYk5rPX1,1
Dream Theater,Scene Six: Home,6Xg1qoCkQLiXaRymH6wwMR,2
Dream Theater,Scene Three: I. Through My Words,0jr4vNJF3wDt0CNNmuq7Zt,1
Dream Theater,Scene Three: II. Fatal Tragedy,3ZZXgVY8u129jMvUc3mhti,1
Dream Theater,Scene Two: I. Overture 1928,7CeF4VXPoaUbNB3NNHIXfM,1
Dream Theater,Scene Two: II. Strange Déjà Vu,6kQe8MBvSdX8AD1UsjRv7w,1
Dream Theater,Space-Dye Vest,5PtA2XXIrUWLZ3ZELnTOUi,2
Dream Theater,Status Seeker,3K2MlRP7SNWEkL1D1U3Z3o,1
Dream Theater,Surrounded,5dz43JZ6QteTXfAtmZbB2n,2
Dream Theater,Take the Time,0t8JoPmxcwsWXWcsflNKxk,1
Dream Theater,The Killing Hand,4PdFyyHmyi2ySeVWVyTmIB,1
Dream Theater,The Mirror,3EGF6ArVdwduo0rGzoRma9,2
Dream Theater,The Silent Man,2vzfV6LgfAWtv7JeSoEPFO,1
Dream Theater,Under a Glass Moon,2bBAAVvOHsr7vxWFTuYxH8,3
Dream Theater,Vacant,38SjoujHMwFDzT4Ae9K9Ht,1
Dream Theater,Voices,54ySyQTaGMtKGcUHV7WFii,2
Dream Theater,Wait for Sleep,7LaaIr1D8CjH1tc7ERTr8A,2
Dream Theater,Ytse Jam,5nDeyvN0Bywz7GRLDK194X,2
Duke Ellington,Fleurette Africaine (African Flower) - Remastered,4Keh41jYFaVPP5C82DxmTG,4
Duke Ellington,Three J's Blues,4mJYH4aqy0BspJBeO6ampc,0
Dün,Acoustic Fremen,5Zh51WZpwZMJz7Hy4jgXgJ,1
Dün,Arrakis,4EoNlX5OsHCW5rluMruhIL,1
Dün,Arrakis - Demo '78,1mTTJ2VCFDqn9iciOQw8uV,0
Dün,Arrakis - Demo '79,2UR6Fj06X7QKlFupzzqD8W,0
Dün,Bitonio,5n38XjyUiFBbZehWGIaUOe,1
Dün,Bitonio - Demo '79,4Jg0FxxXGC9gMQG8RR9JAY,0
Dün,Eros,1hjH6c62KSPlqfkMp4J3VY,1
Dün,Eros - Demo '78,4GglPIAaLr1iHfOvRnI54R,0
Dün,L'Epice,2RlW8j8Kid6x7HgMD3BSwX,0
Eloy,Decay Of Logos,2RDeTDybENavg3R7X5AKOd,1
Eloy,Pilot To Paradise,0i7spkaohyCaP4ouxzpf1u,1
"Emerson, Lake & Palmer",Benny the Bouncer (2014 - Remaster),5aNgTLIvPOgJNMXPWEcG10,1
"Emerson, Lake & Palmer",Bitches Crystal (2012 - Remaster),2f6TeOgYPLo8YyYHVqL3GW,2
"Emerson, Lake & Palmer",Fanfare for the Common Man (Single Edit),7fJ336lpndYK0Kn1tLPmGC,2
"Emerson, Lake & Palmer",Fugue,4jPpTL1ISq8GX2iLAEDR8u,1
"Emerson, Lake & Palmer",Introductory Fanfare (Live) (2017 Remaster),2wgc2eBMmYR3xvZxO9zViM,1
"Emerson, Lake & Palmer",Jeremy Bender (2012 - Remaster),7IMz6jT9GEQRhgVkCqgOWs,2
"Emerson, Lake & Palmer",Jerusalem (2014 - Remaster),06JMyso0ZSN5MoGjqATf6I,2
"Emerson, Lake & Palmer","Karn Evil 9 1st Impression, Pt. 1 (2014 - Remaster)",6WfjV745TiUcD8KdUKp241,2
"Emerson, Lake & Palmer","Karn Evil 9 1st Impression, Pt. 2 (2014 - Remaster)",6WfjV745TiUcD8KdUKp241,2
"Emerson, Lake & Palmer",Karn Evil 9 2nd Impression (2014 - Remaster),6WfjV745TiUcD8KdUKp241,1
"Emerson, Lake & Palmer",Karn Evil 9 3rd Impression (2014 - Remaster),5YUUMF4mYKHVnt8kdjWKmY,1
"Emerson, Lake & Palmer",Lucky Man (2012 - Remaster),3JQMYznbHf068xIaWI9GRy,3
"Emerson, Lake & Palmer","Promenade (Pt. 1) (Live At Newcastle City Hall, 1971)",4jLd6HBlP5SdHE54HsRuiV,1
"Emerson, Lake & Palmer",Still...You Turn Me On (2014 - Remaster),2Zb1oaMRMUsyagT6gKV9TV,2
"Emerson, Lake & Palmer",Tarkus (i. Eruption / ii. Stones of Years / iii. Iconoclast / iv. Mass / v. Manticore / vi. Battlefield / vii. Aquatarkus) ( 2012 - Remaster),7fLEJNwcW60W74XehVmR5p,2
"Emerson, Lake & Palmer",Toccata (2014 - Remaster),4VtHqi2hCqSa4EcPnVO6i8,2
"Emerson, Lake & Palmer",Watching Over You,2SyFKSW25ej1eq5nKU0Cda,1
Erik Satie,3 Gymnopédies: No. 1 Lent et douloureux,0HSoKl34F3kzfEt4TBEINU,0
Fleetwood Mac,Long Grey Mare,5ost9xHhiKPtahukHy2Vkr,7
Franco Battiato,A Cell,2L2OGIQ5pSfB4FMNsIEq6U,1
Franco Battiato,Anafase,1yQOQUcl492gw3yeqOW18N,2
Franco Battiato,Areknames,3n6URniUFgNrXQEadxzlSu,2
Franco Battiato,Aria di rivoluzione,7FUASFkGtIrDkOeg644eSc,3
Franco Battiato,Aries,1qIqXsRBywGIlwNB3lrclD,3
Franco Battiato,Beta,37eLeQQDjEAu5j0nWyapRM,4
Franco Battiato,Cariocinesi,0R4dMinWYsKPxDYP48YIuG,2
Franco Battiato,Energia,28O2qsFnMMsINiZ1QEmjlb,2
Franco Battiato,Fenomenologia,0E0PMpXaaUmyhwia0AYd3I,3
Franco Battiato,Fetus,1Xv8bNCY7p2MZUKcwNGTDV,6
Franco Battiato,Il silenzio del rumore / 31 Dicembre 1999 - Ore 9,2eNG4pn46YXG3SEvSvu1Lj,1
Franco Battiato,Meccanica,3iYh1XDAxHuzNspxTB9pbR,5
Franco Battiato,Mutazione,3GSDlTvo8KK9opBWJxpFpt,2
Franco Battiato,Plancton,7JMCs2jbGRMHcD48Pjq2F9,4
Franco Battiato,Pollution / Ti sei mai chiesto quale funzione hai?,6wQXLLw6MfyDt9QndIlmug,1
Franco Battiato,Sequenze e frequenze,0lUBWPZWiGQEKNzayTCpxT,2
Franco Battiato,Una cellula,2U2tfG5PgRUbqW5Rq0Oc2W,2
Frank Zappa,Bust His Head - Live At Whisky a Go Go/1968,5SMhbFEsqg5a1C83S8SkbE,1
Frank Zappa,The Black Page #1 - Piano Version,4x5GNsKm9f7cWNZHj4vib2,2
Frank Zappa,Tiny Sick Tears Jam - Live At Whisky a Go Go/1968,3z4L8kQOwxO34JeSJSr2p2,1
Frank Zappa,Whisky Improvisation: Episode I - Live At Whisky a Go Go/1968,0xAMvzUFgJBchc6zlVsLZi,1
Genesis,Anyway - 2007 Stereo Mix,4hzXnPwDueSFf1uq4swA6u,1
Genesis,For Absent Friends - 2007 Stereo Mix,5gqUXHDx1kpLPKT3QPJSii,1
Genesis,I Know What I Like (In Your Wardrobe) - Live in Paris,4Q0G914Bvy1RNUl6y6ioBc,1
Genesis,More Fool Me - 2007 Stereo Mix,4EoKbid1MFccC0VCtO5ehz,1
Genesis,The Musical Box - 2007 Stereo Mix,3jqhNvgCey0yW6ZMtUh4wd,1
Genesis,The Return of the Giant Hogweed - 2007 Stereo Mix,3PmboiDwcaSak24f2DEaFj,1
Genesis,Watcher of the Skies - 2007 Stereo Mix,0QtL2ONAn6cSamg6vzvGI7,1
Genesis,Wot Gorilla? - 2007 Remaster,1jMMHZMm8GIfDSyXg4FJGM,1
Gentle Giant,Friends,6unmEVkHtePlHIybrh7AcJ,3
Gentle Giant,Just the Same - 2012 Remaster,15VkwsV1Hp1wUMxY5QquXH,2
Gentle Giant,Three Friends,6TJRVdEVLq0HdZFf8A48Na,1
Gianna Nannini,Amandoti,2MscX7xaiCdcy5xqD7C3w9,1
Gianna Nannini,America,7xXtJI7A1SOsaW7gFg3Ntk,7
Gianna Nannini,Amore gigante,4IPTHivAdGcG5BbRBfa1h6,1
Gianna Nannini,Aria - Album Perle,3eUWyU0fKb7K4LlekuaKGL,1
Gianna Nannini,Ciao amore ciao,26kqUnfV1NxupGmQ0lnL1h,1
Gianna Nannini,Diamante (feat. Francesco De Gregori),126lqLSTtTQ0RpbOggUZ3X,1
Gianna Nannini,Fenomenale,4o9VSrbynnZuGjgeBAxO4N,2
Gianna Nannini,I maschi,6r7TYfmeQr6rU7asA1OyZf,5
Gianna Nannini,Il cielo in una stanza,25many8VySDz6NxZjE424i,1
Gianna Nannini,Insieme a te non ci sto più,5th2fvEFAOeG9lf5AAXDZD,1
Gianna Nannini,Io,3AeJSXkD5OUyIN13QNWXaT,2
Gianna Nannini,Io che non vivo senza te,6GPSxTfPZYerbliGT2gnY9,1
Gianna Nannini,Liberiamo,1eYSMZAXEzDu6dwAttRfk1,1
Gianna Nannini,Lontano dagli occhi,48vfgEMoxREiuA7qzBfT1b,3
Gianna Nannini,Maledetto ciao,0qsGCim6NPTHqf4mitvM1M,3
Gianna Nannini,Ogni tanto,2P05ExDJZkES6pAmnaI5O9,4
Gianna Nannini,Salvami,365fy9quQBCT0Ahsce2YZx,3
Gianna Nannini,Sorridi,4jkYMTtBCJEuqryXvgFYbZ,1
Gianna Nannini,Time Lover,1a1KGVEvcNa2u5gvbUdreU,1
Gianna Nannini,Tornerai,4nZYdoWMBWNrPZAMBl1Uzu,1
Gianna Nannini,Volare (Nel blu dipinto di blu),6qasGrzpTccUpgxKKKt4t0,1
Gianna Nannini,Volo 5/4,6ciGKMG9YVlzdyQpPXMzpK,1
Golden Earring,All Day Watcher,2USoDraqpoA22Zc63O4BPy,2
Golden Earring,Another 45 Miles - Remastered,2Ii0mciIwOBhn2CLZOjRlJ,1
Golden Earring,Are You Receiving Me,5NYKOiiSD0iC5BaBFyOiFP,1
Golden Earring,As Long As The Wind Blows,7A2S6PjYLh2CbMMRov1IDx,1
Golden Earring,Avalanche Of Love,6B1iUooMeNfT5NQPiWGG4D,1
Golden Earring,Back Home,1MbOhpUF9pna1yeGvkafY6,4
Golden Earring,Big Tree Blue See,43e4Lmu5SqNu33zX665NRJ,1
Golden Earring,Brother Wind,78GJ3CDLF1ezk2zAjw0VI9,1
Golden Earring,Buddy Joe,1DPOaiJMpQCPkfZWHubbyk,3
Golden Earring,Candy's Going Bad,5t7tuBGnmy1AegGj6WMvqt,0
Golden Earring,Cruisin' Southern Germany,1bYkfVwJkoQNwEE8Zv1sFc,0
Golden Earring,Don't Worry,0ONM2MPVEeu9AKLAuj37yj,0
Golden Earring,Eight Miles High - Remastered,387MaDOhDbornEX87kTXug,1
Golden Earring,Enough Is Enough,5qOXgn5zMjageJu142mBDh,1
Golden Earring,Everyday's Torture - Remastered,6Gsiar4T0DPjowDeB2qG3e,0
Golden Earring,"From Heaven, From Hell",4CYNi8e4LSW1nukibFCva5,1
Golden Earring,Hope,1B5HFvWgMvWK0T4AiMfw9O,1
Golden Earring,I'm Going To Send My Pigeons To The Sky,0jPvyckEyUpqWaKssQpKjY,0
Golden Earring,Jangalene,3aZNbzS80iTKCoOZ4yAKlC,1
Golden Earring,Just Like Vince Taylor,4ENwYjiCcpOHXLQ2SM2M0E,2
Golden Earring,Landing - Remastered,4ma3EZkM7yqj6IEs4CdgRX,1
Golden Earring,One Huge Road - Remastered,0wt1cqE4Qmg6oGe9r8JAdg,1
Golden Earring,Radar Love,4Zau4QvgyxWiWQ5KQrwL43,4
Golden Earring,Radar Love - Original Single Edit 1973,1Wmuc11xACBpOpni7ECC45,1
Golden Earring,See See,3hibc4dDLrSFfHFGbgqwMS,1
Golden Earring,She Flies On Strange Wings,1rYvwQhTKG8l1yzlJcJB2P,4
Golden Earring,Silver Ships,6pazQf42e0I5gzy0X4P115,1
Golden Earring,Song Of A Devil's Servant - Remastered,3ieN73Ycb4xPHn6mwalEZJ,0
Golden Earring,Suzy Lunacy - Mental Rock,5ld7iP4kXPPBFRL4Q65M9s,1
Golden Earring,The Loner,6KhmO8xw6IL46b33WiD8NZ,1
Golden Earring,The Road Swallowed Her Name,5R9LJQQyn4DktB3AAngPnJ,1
Golden Earring,The Vanilla Queen,5cpKDL7ArW8F2JtUk0wuQM,3
Golden Earring,The Wall Of Dolls,7yYh4cJ2ePq5wILOt5A3WI,1
Golden Earring,This Is The Other Side Of Life,2gyP3zkI362zoQ9DZlU1XG,1
Golden Earring,This Is The Time Of The Year,1N8F81gBl4rY1xncrjSuFg,2
Golden Earring,Thousand Feet Bellow You,2pTkPyPrVCqv7EbdRyEvA1,1
Golden Earring,Yellow And Blue,2RXYGOLkugflTZZOE5p1e8,1
Grateful Dead,Hell in a Bucket - 2013 Remaster,2T2bhluy0slS4CZIMiAvYE,2
Grateful Dead,"Ship of Fools - Live at University of Nevada, Reno, NV, 5/12/74",64BahXhOSEBLlwQymfa4S9,3
Grobschnitt,Drummer's Dream - Remastered 2015,3uYenhjkXgZ04O9OVq7F5c,0
Grobschnitt,Hello My Dear Friends - Remastered 2015,1uLBIoz3cuLNpLlohSpjtm,1
Grobschnitt,Magic Train - Remastered 2015,6ZZ8bAXmFH9mCPc1K7Vnz5,1
Grobschnitt,Morning Song - Remastered 2015,6ISuePtvAYATncCZAdRBrG,1
Grobschnitt,Nickel-Odeon - Remastered 2015,6e2qMe932h0FduFPVVWAGk,1
Grobschnitt,Sahara - Alternate Version / Remastered 2015,6YdqBqkflqgjAhi1iCP1lP,1
Grobschnitt,Sahara - Remastered 2015,35cQS8tIaoEmEKHsKDUJJp,1
Grobschnitt,"Solar Music, Pt. 1 - Remastered 2015",6muw4iWA1zrKITIFZN9u0M,1
Grobschnitt,"Solar Music, Pt. 2 - Remastered 2015",6muw4iWA1zrKITIFZN9u0M,1
Gustav Holst,Brook Green Suite: II. Air,5rDjdlYDk9rE3PMoMvQXMY,6
Gustav Holst,"Japanese Suite, Op. 33: V. Dance under the Cherry Tree",3kRD9gFKFSpSkrsfTBIgfF,2
Gustav Holst,Jupiter - Die Planeten,4v6hUqKgT2EjT792B6cg8w,1
Gustav Holst,Mars - Die Planeten,490j4ROCVHlijhKyCLk5gS,1
Gustav Holst,Merkur - Die Planeten,1uCNS5FbYU5zpPErLvKbYn,1
Gustav Holst,Neptun - Die Planeten,7i8kVpq6NJR6Qr9jRJ38vs,1
Gustav Holst,Saturn - Die Planeten,2EQCxlvQL4RxrBjpigVGIE,1
Gustav Holst,Uranus - Die Planeten,49582uIgzgZXnboj1qOz8q,1
Gustav Holst,Venus - Die Planeten,7mcVyISNEUslPddNUqsW9S,1
Gábor Szabó,"The Beat Goes On - Live At The Jazz Workshop, Boston/1967",21wICbvP47bbiQ93r7J6op,4
Hank Mobley,East Of The Village - Remastered 2000/Rudy Van Gelder Edition,6wGRY9NeXqQjY3ujaZiROc,2
Hank Mobley,Feelin' Folksy - Remastered 2003,55mvVOobemLn9MwVptECxS,0
Hank Mobley,High And Flighty,1iOLFUc4DcuRbATG4AEvNc,1
Hank Mobley,My Sin - Remastered 2000/Rudy Van Gelder Edition,1ebZEQLe2lfwyMnuhnIDjx,2
Hank Mobley,Pat 'N Chat - Remastered 2000/Rudy Van Gelder Edition,2KzhB7FqTQK7ndrawbz1nH,0
Hank Mobley,Snappin' Out - Remastered 2003,2oCIX4oJagBKkY9hMlpyX1,0
Hank Mobley,Straight Ahead - Remastered 2000/Rudy Van Gelder Edition,6FuY0BxEtoK0LYlUECyoah,1
Hank Mobley,The Flip - Remastered 2003,3rD20aQpya8GSetOrNYWt2,2
Hank Mobley,The Good Life - Remastered 2000/Rudy Van Gelder Edition,4ZNx7AMUbhIo7DFkhWlrdy,2
Hank Mobley,The Turnaround - Remastered 2000/Rudy Van Gelder Edition,4ZNx7AMUbhIo7DFkhWlrdy,2
Hatfield & The North,Big Jobs No 2,3rrPz6rjyzvv9BQNYmSc8p,1
Hatfield & The North,Didn't Matter Anyway,6BohshBOIjQpbwEyuBBYQA,0
Hatfield & The North,Licks For The Ladies,5fLXlcBAfV9UYWXNTEpzU1,1
Hatfield & The North,Rifferama,7uJCdnasfTrApugHEkwOX5,5
Herbie Hancock,On Green Dolphin Street,2s8GHcOMVvYXJYHg1vYKPO,2
Herbie Hancock,Sly,4WyVRn3L2uXnSUkY762gqN,2
Horace Silver,Doodlin' - Remastered,5TMVNGCCHS01ub7oOLzyFW,0
Horace Silver,Soulville - Remastered 1999/Rudy Van Gelder Edition,7b3V9eMh7z0iucPQHwAVtm,3
Horace Silver,The Jody Grind,2gK90iDN9ggQoECv4494mb,4
Igor Stravinsky,The Firebird Suite *: Introduction,2UWqLhazLDNaSK6PlgMhXc,1
Il Balletto di Bronzo,Accidenti,20XkW9fd151UngpS2B1lwD,2
Il Balletto di Bronzo,Accidenti - Spanish Version,1AgybRsnuTtXwTqxFF6hz7,2
Il Balletto di Bronzo,Donna Vittoria - Remastered / Bonus Track,1UTpRtZAkZdwIlbYqtDXFl,1
Il Balletto di Bronzo,Eh eh ah ah,0mjnGhla4lTjcLZP2dOVvp,2
Il Balletto di Bronzo,Epilogo - Remastered,5hWtkiLXFdHxMKpoJgemdg,1
Il Balletto di Bronzo,Eternità - Spanish Version,5aqayL8NHSz8BG5vkFxwQg,1
Il Balletto di Bronzo,Girotondo,7gKLIau3A1y2K3NRSQMuVM,3
Il Balletto di Bronzo,Il re del castello - Instrumental,5YW7qfSLZ7hCJItQC7llyE,1
Il Balletto di Bronzo,Incantesimo,4D4fcu67buz9XkwVgB8ezK,3
Il Balletto di Bronzo,Introduzione - Remastered,1olosVdx2W6J0xmZviiC7f,1
Il Balletto di Bronzo,La Tua Casa Comoda,2gHiclxEag6kcTxrr1PdvW,1
Il Balletto di Bronzo,La Tua Casa Comoda - Remastered / Bonus Track,3t5nXszqfjIL6RvaTXgG02,1
Il Balletto di Bronzo,Ma ti aspetterò,4dFsZhMZb1QYXjvVi49knV,2
Il Balletto di Bronzo,Meditazione,5z01DLMgs1P7EZ3phl0YhJ,4
Il Balletto di Bronzo,Missione sirio 2222,6ILsJ0XRwa9PUTbxNCWqf6,2
Il Balletto di Bronzo,Neve calda,6B3887R5Li53gPcqsbQrTL,4
Il Balletto di Bronzo,Primo Incontro,6DYn7ftwU9Np4ATTeHWVGw,1
Il Balletto di Bronzo,Primo Incontro - Remastered,0ptQ18rVtULNMT9w87ECpH,2
Il Balletto di Bronzo,Secondo Incontro,3FRXz4NcHv4h6b8rnblEUV,1
Il Balletto di Bronzo,Secondo Incontro - Remastered,6mV0lpuMxl5psydaXEGhqf,1
Il Balletto di Bronzo,Terzo Incontro - Remastered,5qGq2G92AFpyWLBowXUdmg,1
Il Balletto di Bronzo,Ti risveglierai con me,6AxcZ2Njnoox60MjNdyDv7,2
Il Balletto di Bronzo,Un posto,4c5JLevc17tS5Tcg2rqdGJ,2
Il Rovescio Della Medaglia,Il Giudizio,35kIKm80HIs39WwuKfQLSN,1
Il Rovescio Della Medaglia,Il Nulla,3MVSoWcFgbbOGB9jD9d6Hm,1
Il Rovescio Della Medaglia,L'ammonimento,6BvkZVvkloxVRpJ69QSfNg,0
Il Rovescio Della Medaglia,La Creazione,5knY8yl4Zw63B0WxAYxJsd,1
Il Rovescio Della Medaglia,Sodoma E Gomorra,7CgMov8nRJMackGLN5IQVB,1
Iron Maiden,2 Minutes to Midnight - 2015 Remaster,2SrVGpjv0mqCR6j9EZPSm2,3
Iron Maiden,Rainmaker - 2015 Remaster,5jNmbcbuNhM8d5oUld1WsS,1
Iron Maiden,Run to the Hills - 2015 Remaster,4Zc7TCHzuNwL0AFBlyLdyr,2
Iron Maiden,The Number of the Beast - 2015 Remaster,3nlGByvetDcS1uomAoiBmy,1
Ivan Graziani,Monna Lisa,16CdbuX6bDSXo07rsic56K,7
J.J. Cale,Drifters Wife,0o10FpnHTfxkBQV8EdY5gF,1
Jaco Pastorius,Reza / Giant Steps / Reza - Reprise,04ofLVQ6YTf0oxN1CjXg1a,1
James Gang,The Bomber A: Closet Queen B: Bolero C: Cast Your Fate To The Wind - Medley,7Gq4o3qwY5kTdwNwyQ4lLu,2
Jeff Beck,Beck's Bolero - 2005 Remaster,7DmOJhzeLuAffkAVwGk2MX,0
Jeff Beck,Diamond Dust,4SiR06uFb6GLKJ4MJ11HCN,1
Jethro Tull,Salamander - 2002 Remaster,0PliY2iWdwNoCI37l1r1Ty,4
Jethro Tull,Sweet Dream - 2001 Remaster,2UCZYhjnz8P0KSkqkvSSxZ,6
Jethro Tull,Wind-Up,35KrMfAdlfZWmoIOlwO74m,3
Jimmy Smith,A Night In Tunisia,2IH86Bw0QAHKFvGZwKOJep,1
Jimmy Smith,Alfredo,7beL2KMpxhaFusejDgEMKp,1
Jimmy Smith,Bashin' - Single Version,6MvpxPZNddekgzBgIrOTzi,0
Jimmy Smith,Bayou,0RNebfurI3JpRNn9qu3N8W,2
Jimmy Smith,Bubbis,0CUbMWaaV3LXNsgh3ne7ua,2
Jimmy Smith,Deep Purple,3BScdfgjI892tkawFCptSW,2
Jimmy Smith,J.O.S. - 2018 Digitally Remastered,18Q7eQa57mwnJQ2l9YhOdw,1
Jimmy Smith,Mack The Knife,3iH0u6MqXPENZaR7nyHvpG,1
Jimmy Smith,Makin' Whoopee,54cGjDwJrtaLnXDEQlUWp6,0
Jimmy Smith,Moonlight in Vermont,2rmniN4wATw1zJCqpEC9B4,2
Jimmy Smith,Ol' Man River - From the Rio Grande,1UqTerpEPPXip3bL9P5yfW,0
Jimmy Smith,Ready 'N Able,43iXLe6Lc9oHPorPhm455A,0
Jimmy Smith,Sagg Shootin' His Arrow - Live,1BvfGX4FWde6bOaz6qNDFg,0
Jimmy Smith,Sonnymoon For Two,1loUD2VR487RUt4qGWKhlg,2
Jimmy Smith,The Cat,1AZ5G23Kcn9h5Awws5Ekf3,7
Jimmy Smith,The Sermon - 2018 Digitally Remastered,3E7TPEHUWlCV9Wt2LnCyya,1
Jimmy Smith,The Way You Look Tonight,0NnNwJxIbi37z87URzajBw,2
Jimmy Smith,Turquoise,3muUIm4Lvsu1sBLwLwW1LT,2
Jimmy Smith,What's New,5YT1QkSBfyvtiQT9vOgIUR,0
Jimmy Smith,When Johnny Comes Marching Home,6pWLuymu1094OKMdYlHvF1,4
Joachim Kühn,Asmaa,2uCf1G3ZWTiw0Q8beDGS5o,1
Joachim Kühn,Back To Normal,4JVDnX4rx4DZB27WATg6r8,1
Joachim Kühn,Barcelona - Wien,4KFMaS1khuKoKR167hL2CI,2
Joachim Kühn,But Strokes of Folk,3i3ipaoWBX0tUktdk7wGZa,2
Joachim Kühn,Casbah Radio,23pxeAKgWatPsA6HEWGYs9,1
Joachim Kühn,Chalaba,42aHn2bxtAE1qranOyDW12,1
Joachim Kühn,Enjoy,6cHfp4w8DmVVaf1cfoaVap,3
Joachim Kühn,Hamdouchia,76329nqLxMJPecJM0NdXMG,1
Joachim Kühn,Le Vieux Chateau,0O8wTxBT0ige2jeayjvv9A,1
Joachim Kühn,Lied Ohne Worte No. 2,0gUYBwHP2QqxG8VWXmYkrJ,1
Joachim Kühn,Love and Peace,7kdZlgkWHnivQNSGe6AsTa,2
Joachim Kühn,Mustang,74FZ9fOmTaay3LjzeMWI4K,1
Joachim Kühn,Play Golf in the Fresh Air,2lLoIRlkn6pcWh9Dq8iaNk,2
Joachim Kühn,Soon In June,7eA6JJzSUAz45dNMSYc0f4,1
John Coltrane,"A Love Supreme, Pt. II - Resolution",7unF2ARDGldwWxZWCmlwDM,4
John Coltrane,"A Love Supreme, Pt. III - Pursuance",0jHEixPAoSopOP75j2iTX9,5
John Coltrane,"A Love Supreme, Pt. IV - Psalm",5FLQmLjjeNIuC8U5mDnXC8,6
John Coltrane,Ascension - Edition I / Pt. 1,0eVS2VExhupn7ByD1oeuWv,1
John Coltrane,Bahia,5xdhuVXB1dalZ7WoIZ5HIg,5
John Coltrane,Configuration,6Zlewc9qpJlnSRbTlsUAt8,2
John Coltrane,Countdown - Mono,0V2dEdN7vtaoIiR4MKY2vR,2
John Coltrane,Goldsboro Express,7493Tt28mhOdRAg5m9kFyU,3
John Coltrane,"I'm A Dreamer, Aren't We All",1DQXfGfMwidAYWDachod2c,0
John Coltrane,"India - Live At The Village Vanguard, New York/1961",5rGQw33BOMRnS1lqW7mTeC,3
John Coltrane,Iris,0KWygBmYgghY7y9j35bjF4,3
John Coltrane,Jimmy's Mode,3itqFJN288GSWs4HcdUElQ,0
John Coltrane,My Ideal,0fuCS40F0K9iirOzSfyNH8,4
John Coltrane,Offering,6E8AggcTs1w0AX94N6mLpg,7
John Coltrane,Ole,5T2Cft0v1qKSmH0GUDzB2b,4
John Coltrane,Om,1eX1JpUBIWlC2cVvrBrcEC,1
John Coltrane,Seraphic Light,2tClO4X1bhPsAEbHVWsLBy,2
John Coltrane,Something I Dreamed Last Night,5qUJeMEJspHaYPxBniJw4F,3
John Coltrane,Stardust - Rudy Van Gelder Remaster,3dWS2QL9PL3aOTgUvn5bg6,3
John Coltrane,Stellar Regions,6fXo62r6iCa5HUzlSiUwZN,1
John Coltrane,Stellar Regions (Venus),6fXo62r6iCa5HUzlSiUwZN,3
John Coltrane,Sun Star,08ThECDugLQ5yPpvM3ANjD,3
John Coltrane,Tranesonic,5pxkT1tT82NFouz3TMy0jM,4
John McLaughlin,Meeting of the Spirits,5qhmNMNfFKuRM2JxnHNTp3,5
King Crimson,"21st Century Schizoid Man (Live in Mexico, July 2017)",0kch5VRZN37yYyih57Dsnk,1
King Crimson,"21st Century Schizoid Man (Live, Mexico City, Aug. 96)",7egoe7rmV8B2ZNX8teNvNv,1
King Crimson,"21st Century Schizoid Man\ - Live at the Concertgebouw, Amsterdam, Nov. 23, 1973",1aHlSIen3Iirg0431a4SUK,1
King Crimson,"B'Boom (Live, Mexico City, Aug. 96)",5XWoQFq0IMytPlGpTTISYZ,0
King Crimson,"Banshee Legs Bell Hassle (Live in Mexico, July 2017)",5Tq8xoGqY99d8bcNLPGXJZ,1
King Crimson,Bellscape & Orchestral Werning (Live in Chicago 28 June 2017),25s8k0iHp4S9hT7HJVDpyE,1
King Crimson,"Book Of Saturday - Live at the Concertgebouw, Amsterdam, Nov. 23, 1973",6I6yXNgCklhYoP9A9qHvjm,1
King Crimson,"Breathless (Live in Europe, July 2018)",2ZBJIf3bExVOcPhNuUczIE,1
King Crimson,Bude,4uymJ2KAoE56geMQJuC1kv,1
King Crimson,Bude II,03PEP5wqaq4QcHf4Cmd0ti,1
King Crimson,Cat Food (single version),7otEakWrKC9MoFqImNu6BG,1
King Crimson,"CatalytiKc No. 9 (Live in Mexico, July 2017)",0hDKTzz999hjlHPT2Yyi1I,1
King Crimson,Cirkus (Live in Chicago 28 June 2017),750IfTnUvcRd6Qsvyb6YgY,1
King Crimson,"Cirkus (Live in Mexico, July 2017)",0iS0wMwCG3go84nF0jNWmQ,1
King Crimson,"Cirkus (Live in Vienna, 1 December 2016)",0MXnfY80qzG2JPe2SRfCJc,1
King Crimson,"Conundrum (Live in NYC, Nov. 95)",7nABv55U28mgaoWUfm24mE,1
King Crimson,"Cool Jam (Live in Europe, July 2018)",3Ddq9hCqUvkKFEBtnOscSG,1
King Crimson,"Dawn Song (Live in Mexico, July 2017)",3CdS5CM4mrxJhrHgRUBc1E,1
King Crimson,"Dawn Song (Live in Vienna, 1 December 2016)",2hhPR4wxaiXwjiZiXSQoVu,1
King Crimson,"Devil Dogs Of Tessellation Row (Live in Mexico, July 2017)",2LILQ1ibyEKxh7rdSyEQQd,1
King Crimson,"Devil Dogs of Tessellation Row (Live in Vienna, 1 December 2016)",5kvrZgQW6YsEqT6C9YYeFK,1
King Crimson,"Dinosaur (Live, Mexico City, Aug. 96)",3kIFXO0pnxglQ9MFGYkSVG,1
King Crimson,"Discipline (Live in Europe, July 2018)",2psITzbBL9x6NdTbnYLYDc,1
King Crimson,"Easy Money (Live in Mexico, July 2017)",4FgjJ7lBcOTG4pS5AopOMS,1
King Crimson,"Easy Money (Live in Vienna, 1 December 2016)",0kaThIqnzqQcy5xAvbluke,1
King Crimson,"Easy Money - Live at the Concertgebouw, Amsterdam, Nov. 23, 1973",3CRF4TU2r7oW3gTneXr1eg,1
King Crimson,Elephant Talk - Live in Fréjus,5hRBjKQFjTgzCHcz7EsL7x,1
King Crimson,"Epitaph (Live in Mexico, July 2017)",5qsSAQ4ljrbHFDmC8kWdJb,1
King Crimson,"Epitaph (Live in Vienna, 1 December 2016)",2GW6bsa4aX1hKst1cfKlW7,1
King Crimson,"Exiles - Live at the Concertgebouw, Amsterdam, Nov. 23, 1973",3IQfeUdF9VeWhy6AelnElt,1
King Crimson,Eyes Wide Open - Acoustic Version,3qR07vc5w4f2DZN0gCbhxo,1
King Crimson,"Fairy Dust of the Drumsons (Live in Vienna, 1 December 2016)",7yRrROWWyJVuckTIxvVqSv,1
King Crimson,"Fallen Angel (Live in Mexico, July 2017)",5cHsk0YubEBXRkqE6kSiUE,1
King Crimson,Fallen Angel - 2024 Elemental Mix,3hYuBF44DR308O2cKagl55,1
King Crimson,"Fracture (Live in Mexico, July 2017)",5gMv2mUWh3bLbdq99Aqhj8,1
King Crimson,Fracture (Live in Vienna 1 December 2016),4BP8aL5BatoX3raxRZiKY6,1
King Crimson,"Fracture - Live at the Concertgebouw, Amsterdam, Nov. 23, 1973",1qYerEsIRso5CEznP4bXVg,1
King Crimson,Happy With What You Have To Be Happy With,2LqKvSnxjAJFH3Bg8Fycwt,2
King Crimson,Heartbeat,5esztZeiWJF8dYixCubgai,2
King Crimson,Heartbeat - Live in Fréjus,31gH3jGEwA9R8uzznh7zln,1
King Crimson,"Heroes (Live in Mexico, July 2017)",0gjxdZTveAxuRNhCS05DUd,1
King Crimson,"Improv - Biker Babes Of The Rio Grande (Live, Mexico City, Aug. 96)",1088YNS6iZLclit3kSKHSN,1
King Crimson,"Improv - Starless And Bible Black - Live at the Concertgebouw, Amsterdam, Nov. 23, 1973",6SN1mxROB5vFDV9llMZ211,1
King Crimson,"Improv - The Fright Watch - Live at the Concertgebouw, Amsterdam, Nov. 23, 1973",2AKGaogqGmSUQIMGI7AXNK,1
King Crimson,"Improv Trio - Live at the Concertgebouw, Amsterdam, Nov. 23, 1973",32xzgHpKPiuW6J8VRFtldj,1
King Crimson,Improv: A Voyage To The Centre Of The Cosmos [Bonus Track],2qcdVLRV50aa96ila7SsBg,1
King Crimson,"Indiscipline (Live in Mexico, July 2017)",001Y73NHsUBVenH5q1ic9Y,2
King Crimson,"Indiscipline (Live in Vienna, 1 December 2016)",3Mw2McvyTZ47guFoHCXpYD,1
King Crimson,Indiscipline - Live in Fréjus,1bQbKrAmfBAJugJSybZXev,1
King Crimson,"Interlude (Live in Mexico, July 2017)",0Q5mvcGyrnNbF6SL6n0RYP,1
King Crimson,"Interlude (Live in Vienna, 1 December 2016)",6AiNXy71fdPIXJ16N5D7R1,1
King Crimson,"Islands (Live in Mexico, July 2017)",28QbMtyu4aYR81EZWJ8dQo,1
King Crimson,"Jeremy's Cadenza (Live in Europe, July 2018)",0tV1jlK3QuaHKtylDcmtp8,0
King Crimson,King Crimson: Moonchild (Arr. for flute by Claudio Ferrarini),4kRzpcmBhQZI7rAt9EvxrU,1
King Crimson,"Lament - Live at the Concertgebouw, Amsterdam, Nov. 23, 1973",5b5k1HIZsCl25ZzKqCh3Wd,1
King Crimson,"Larks' Tongues In Aspic, Pt. I - Live at The Anthem, Washington DC",12d560gCqrEvEP9Thgwoay,0
King Crimson,"Larks' Tongues In Aspic, Pt. II (Live, Mexico City, Aug. 96)",4XNZfrwvNVfFT6LGniv3lg,0
King Crimson,"Larks' Tongues In Aspic, Pt. II - Live at the Concertgebouw, Amsterdam, Nov. 23, 1973",6CSkuVhItTNL7wiSzvbe2g,0
King Crimson,"Larks' Tongues in Aspic, Pt. One (Live in Chicago 28 June 2017)",1xe8ObV3ASfjbndmgCGIoY,0
King Crimson,"Larks' Tongues in Aspic, Pt. One (Live in Mexico, July 2017)",0XuolBf1dkyuvx3tKdQqew,0
King Crimson,"Larks' Tongues in Aspic, Pt. One - Live",2DSVPDZBIo9UIKrzzPHfEc,0
King Crimson,"Larks' Tongues in Aspic, Pt. Two (Live in Mexico, July 2017)",7cOsT6w2mA2OVixK79nS4k,0
King Crimson,"Larks' Tongues in Aspic, Pt. Two (Live in Vienna, 1 December 2016)",6LoT1YOQtmhNwcMhXWh54J,0
King Crimson,"Last Skirmish (Live in Mexico, July 2017)",48TwjphRuatHBUNjpgaQZ1,1
King Crimson,Level Five,6byv0FPdLFXPVHZHUhZeNC,3
King Crimson,"Level Five (Live in Mexico, July 2017)",4vajc4AjtYQZun6Xo5mjzK,1
King Crimson,"Level Five (Live in Vienna, 1 December 2016)",3FaT4DoHBhwZ87i6S0EYZR,1
King Crimson,Matte Kudasai - Live in Fréjus,5t7xz4G4ajQo0k6lDVIbIm,1
King Crimson,"Meltdown (Live in Mexico, July 2017)",0uFApwKBmh2iDOMCJYiV7C,1
King Crimson,"Meltdown (Live in Vienna, 1 December 2016)",4jVyLze4SwklSJk6QS6Ulg,1
King Crimson,Mie Gakure,1KPOLPPVmLb9BI4tQsh9YG,1
King Crimson,"Moonchild (Live in Europe, July 2018)",19KFjSDpHlRBbHqz8C0Uin,1
King Crimson,Neal And Jack And Me - Live in Fréjus,2Hgt26QNUYjEJLgS9tl2is,1
King Crimson,Neurotica (Live in Chicago 28 June 2017),4d6LTeab7pe6KSntISujpg,1
King Crimson,"Neurotica (Live in Mexico, July 2017)",7ocCyHPwt4c1Y6aH5fEA70,1
King Crimson,"Neurotica (Live, Mexico City, Aug. 96)",022iXU2s118jhD20DcFrrV,1
King Crimson,One More Red Nightmare - 2024 Elementary Mix,6PDPTbYgnsbpqzRWYvE8H6,1
King Crimson,"Peace (Live in Vienna, 1 December 2016)",3yOASP6bpoPKho0xaHhSPg,1
King Crimson,Peace - An End,4q6ECLJSHSh9VhoRMXayl9,1
King Crimson,"Peace - An End (Live in Mexico, July 2017)",29VFsjP6yHB3qWQgVEMSNS,1
King Crimson,"Pictures Of A City - Live at The Anthem, Washington DC",2GtADpYDmyW8myQKBXOAxz,1
King Crimson,"Pictures of a City (Live in Mexico, July 2017)",2UaZcliusQAFND7h4qoR1v,1
King Crimson,"Pictures of a City (Live in Vienna, 1 December 2016)",0LKOJeJePiwc96aHTKfXP9,1
King Crimson,"Prince Rupert's Lament (Live in Mexico, July 2017)",1g6WKgqtOwv4AWifEFcQhs,0
King Crimson,"Prism (Live, Mexico City, Aug. 96)",7GUyoYmb8bee51yTlXhpab,1
King Crimson,"Radical Action II (Live in Mexico, July 2017)",4TFlnvLmqU3b66Y87keuIa,1
King Crimson,"Radical Action II (Live in Vienna, 1 December 2016)",1kDVDsaAbzRAapPaxJdKGp,1
King Crimson,"Red (Live in Mexico, July 2017)",23rLsqTagqrm2e4AnN2A6c,1
King Crimson,"Red (Live in Vienna, 1 December 2016)",7kX70QepEudd7ouSfUD0a1,1
King Crimson,"Red (Live, Mexico City, Aug. 96)",4XlNjlZFaQ9r5aQlh8zvuD,1
King Crimson,Red - 2024 Elemental Mix,4Dw8TZ3Tx0Vu8qb0SJw8N7,1
King Crimson,Red - Live in Fréjus,5KL6jyFJ8VxKXuQBhocSeX,1
King Crimson,Requiem,64HmndzjGdsSSJaEOJxyo1,1
King Crimson,"Robert Fripp Announcement - Live at the Concertgebouw, Amsterdam, Nov. 23, 1973",3edGYPJs1TwO0VPHAbdP8P,1
King Crimson,"Sailor's Tale (Live in Vienna, 1 December 2016)",59QASCPCjRg5gFgIvUFMmA,0
King Crimson,She Shudders,6NZ8IVjmcX1hWxUoX8AZba,1
King Crimson,ShoGaNai,1vyDI32fC8VsPTetbA8Chb,1
King Crimson,"Starless (Live in Mexico, July 2017)",5DU3OKNx8Fx6mPJfN1cwX2,2
King Crimson,"Starless (Live in Vienna, 1 December 2016)",0UHkEzRXKrFBgQwdMdAper,1
King Crimson,Starless - 2024 Elemental Mix,3lngLdbRTvqLmb4NB7oFch,1
King Crimson,Starless - Live,0MsxBpnXhaRa5tQc4fKpjW,2
King Crimson,Starless Percussion (Overdubs) - 2024 Elemental Mix,5BKXx5xcJHGE2X73bUTRQ5,1
King Crimson,Studio Sessions: Cirkus (Runthrough)/Lady of the Dancing Water (alt. take),1SBdngCQK57yyAMfL05ekX,1
King Crimson,"Suitable Grounds for the Blues (Live in Vienna, 1 December 2016)",1UN11SfVOFkFjbXlAiekNn,1
King Crimson,"THRAK (Live, Mexico City, Aug. 96)",1y3elJcK4RFbFyNCjgwTDR,1
King Crimson,"The ConstruKction Of Light (Live in Bonn, June 2000)",6poPhly0Axy4V2XoOaDVd2,1
King Crimson,"The ConstruKction of Light (Live in Mexico, July 2017)",53S48ERZrpiE6Pd4OfjRoc,1
King Crimson,"The ConstruKction of Light (Live in Vienna, 1 December 2016)",724fmGuJABglibjHygP4Xg,1
King Crimson,The ConstruKction of Light - Live,2FJKsBY8lLdbdj5IYTPl8T,1
King Crimson,"The Court of the Crimson King (Live in Mexico, July 2017)",5pGy4L7iVEauuNAHgt54hn,1
King Crimson,"The Court of the Crimson King (Live in Vienna, 1 December 2016)",6b5vD09HD2UY57Ml3W8A7E,1
King Crimson,The Errors (Live in Chicago 28 June 2017),0wIyvYI1KWaQDe2Ay0sM3z,1
King Crimson,"The Hell Hounds of Krim (Live in Mexico, July 2017)",6bOfc6BeyDZSe3vN1Y5FoZ,1
King Crimson,"The Hell Hounds of Krim (Live in Vienna, 1 December 2016)",1wZeICHVEA8DzntKmX5RVW,1
King Crimson,"The Letters (Live in Mexico, July 2017)",1QD8daY1dMRmZAhbkEwM8u,1
King Crimson,"The Letters (Live in Vienna, 1 December 2016)",2mpKfWgI4sR8PcguWpwkj5,1
King Crimson,"The Night Watch - Live at the Concertgebouw, Amsterdam, Nov. 23, 1973",1QAqwRZvDsmW7UrlnvONA0,1
King Crimson,"The Sailor's Tale (Live in Mexico, July 2017)",2dqmLpAMwUMtb4HDk5Llkz,0
King Crimson,The Sheltering Sky - Live in Fréjus,0LXoB0yqRop4Oyv2W2Pmat,1
King Crimson,"The Talking Drum (Live in Mexico, July 2017)",1YeaFrc1D5VcjqE6wBeFcv,1
King Crimson,"The Talking Drum (Live, Mexico City, Aug. 96)",6QnObglotvXvXOIRjjeLB4,1
King Crimson,"The Talking Drum - Live at the Concertgebouw, Amsterdam, Nov. 23, 1973",6hlsASEHVU3XXfzEdoomFA,1
King Crimson,Thela Hun Ginjeet - Live in Fréjus,3GfJrfAe0dBRoThOiZtruE,1
King Crimson,"Tony's Cadenza (Live in Europe, July 2018)",6UOHpGMYzY5dLfjqmccGYg,0
King Crimson,"VROOOM (Live in Vienna, 1 December 2016)",4YzYmfUea7e2yeWBLDvmUZ,1
King Crimson,Virtuous Circle,50Q2s5EToViYEPpvSkXFl5,1
King Crimson,Waiting Man,0vObTdok3btgvyR3MC33I0,2
King Crimson,Waiting Man - Live in Fréjus,0e2xWwth57Gkb3HVYnYyo9,1
King Crimson,"Walk On - Monk Morph Music of the Chamber (Live in Vienna, 1 December 2016)",4WAg8LWb6yH2t4D8DPNdzS,1
King Crimson,"Walk On 1 (Live in Mexico, July 2017)",7LCTDqitopGt02fGqKR0LI,1
King Crimson,"Walk On 3 (Live in Mexico, 2017)",5CJP7owYFshVnnHDsbBvvu,1
Koenjihyakkei,Angherr Shisspa,18HRIcxTqwNhGhISEXZM5p,2
Koenjihyakkei,Angherr Shisspa - Live 2005,0ZauvUphkEYsKAkZIip4YS,1
Koenjihyakkei,Axall Hasck,5HKP9InbwpTCz7SdDYbN2w,1
Koenjihyakkei,Dhorimviskha,7N3kys5hvGnu0MtMLcvZbU,1
Koenjihyakkei,Djebelaki Zomn,0mpcmIK2ukqhWHQ7wsqzGT,1
Koenjihyakkei,Fettim Paillu,25mmlVWSZw8IKcFcskEZEu,1
Koenjihyakkei,Fettim Paillu - Live 2005,3RbiFcpl7pJ4tKe11thgqZ,1
Koenjihyakkei,Gassttrumm,6wHv3xvIiUyTV0Doz6sBBM,1
Koenjihyakkei,Grahbem Jorgazz,2ozWTONOUuvwY4mITg63HI,1
Koenjihyakkei,Levhorm,2PbY4lfQx5OkshSRX8DBUB,1
Koenjihyakkei,Maschtervoz,0syzKBFG6bzPHFyNt1LmdX,1
Koenjihyakkei,Mederro Passquirr,7x0PqbQJKkg7WC9hgJB6Zr,1
Koenjihyakkei,Mibingvahre,4OIJvk7TYp5UgeXqu2O40n,1
Koenjihyakkei,Palbeth Tissilaq,3fACrsmpE2duNtVGjaZBKH,1
Koenjihyakkei,Phlessttighas,6iRvo3D5X4QimVpAKvR5bq,1
Koenjihyakkei,Quivem Vrastorr,0NFziPqvs0MFRzOz4SBbm3,1
Koenjihyakkei,Rattims Friezz,3vWOVTzXhvUJb7w2DtSkax,3
Koenjihyakkei,Rattims Friezz - Live 2005,3WKDAbEXHooRkxnzmfEPCe,1
Koenjihyakkei,Tziidall Raszhisst,0na3B4RKWu0du993sUPltb,1
Koenjihyakkei,Vallczeremdoss,30ew972wdKT8VY64in6kmX,1
Koenjihyakkei,Vleztemtraiv,1mYuPWMufX16l1TQWAQmvB,1
Koenjihyakkei,Wammilica Iffirom,7Gbg2AcgpZl0Txtju5XZYU,1
Koenjihyakkei,Zjindhaiq,60oON6krpqCi5MClVHkbBH,1
Kraan,Ausflug,20H6z0n5rV6sjOxCLrpHra,2
Kraan,Club 20 - Live,76keej56UDaUdZ9xVBJkf2,1
Kraan,Dakkar,5yOYH19tkeoUQbXbPTIlpb,1
Kraan,Feierabend,6bS0ADltKG5tcIMw70jZJH,1
Kraan,Let's Take a Ride,7hTqW4BMCc9FNqojOpduS0,0
Kraan,Miracle Days,7axJQpajiJOe7bxjAlhYxQ,1
Kraan,My Brother Said,3htOwGkryk0EioRwevJ0Xj,1
Kraan,Paper Stars,7my96Ms9SgTi968lCTTWuB,1
Kraan,Polarity,7DCMYRPM6JPizQgEVH8dD2,2
Kraan,Sarah's Ritt durch den Schwarzwald - Demo 1971,1r44Pc3P0tOVZfDe3lDlPQ,0
Kraan,Vollgas Ahoi,61BflEMiX5tbQtaNgjEbAk,2
Kraan,Wondergirl,0boYjuJgz8zC8SUOpfPbwA,1
Kraan,You're Right,6bSxlcLCfILiT4djhl6m5t,0
Kraan,Young King's Song,0Bx5vgcec373FSnHLGs7XA,0
Le Orme,Aliante,6NUfSwSE8oG6Nda5VrCaQv,1
Le Orme,Aliante - Remastered 2023,6NUfSwSE8oG6Nda5VrCaQv,1
Le Orme,All'Infuori Del Tempo,3L2CzIEQOq6fnksorASiYm,0
Le Orme,All'Infuori Del Tempo - Remastered 2022,2BwWr32KfPGOhft68qQLY3,0
Le Orme,Amico Di Ieri,0BLVqi9494JR1ABQe3PvCF,3
Le Orme,Attesa Inerte - Remastered 2022,0d2bqsRMRjb5ozBip9RIWH,1
Le Orme,Canzone D'Amore,4MHEqM5syfLFYNdnTVIXMG,0
Le Orme,Contrappunti,22wx6bpe1QELxVWhNojqpU,1
Le Orme,Contrappunti - Remastered 2023,7KI6vsNxQvmFGaSJkoQHMB,1
Le Orme,Era un anno fa,0pb9VHn9UnjkMonQRpacdA,7
Le Orme,Felona,3fQswoYNfpPvubw9I9JxNn,4
Le Orme,Felona - Remastered 2022,7pZjV4Eo6KyHqz8hFEKYA2,1
Le Orme,Frutto Acerbo - Remastered 2023,3v7nTNC0vA2qEKCb5d5uwE,1
Le Orme,Fumo,2rQJHrATS4ho2Lhlotucc7,4
Le Orme,I miei sogni,48VZvbjOhx6GEz1a7K3vK8,5
Le Orme,India,6tXpSx4cMga2E0sz6V0CmE,1
Le Orme,India - Remastered 2023,1Fs0jp0JP1EserWlKgr15a,1
Le Orme,L'Equilibrio,1oqBHGfoquC3SOsjOEG34t,0
Le Orme,L'Equilibrio - Remastered 2022,6MaeK4EUxxLotylxcNDKs2,0
Le Orme,La Fabbricante D'Angeli - Remastered 2023,11MI7k1A6ZAbC3pe7uCzrA,0
Le Orme,La Solitudine Di Chi Protegge Il Mondo,0yzaICmF8GjnO2HMf9FdF8,2
Le Orme,La Solitudine Di Chi Protegge Il Mondo - Remastered 2022,3yzfAZNxWExdTgZWlBTwVz,1
Le Orme,Maggio - Remastered 2023,3j6Rxmukezt7ItrAxKyMsW,1
Le Orme,Milano 1968,5SniqmoRZiQkOJIo5kw2EY,4
Le Orme,Mita mita,41Dnui2OlHGizyuGgnmodW,4
Le Orme,Notturno - Remastered 2023,3bFRwCxMQUEgy81OqFr2cT,1
Le Orme,Oggi verrà,2nbSWIIJIspmKPIsXEP08S,9
Le Orme,Ritorno Al Nulla - Remastered 2022,12MYHVxgZcRoJEszRqZkw4,1
Le Orme,Ritratto Di Un Mattino - Remastered 2022,5jmWlnwZsvJKGhgCvCZ5KY,1
Le Orme,Se Io Lavoro,02cCo0JsyxWj4J3M7qS6Rn,2
Le Orme,Senti l'estate che orna,1gRUBcjOdtNqoGforR1gr1,0
Le Orme,Sorona,28AdokdXKM7aaDuzntg1h5,3
Le Orme,Sorona - Remastered 2022,5ODBWlPzVpx2NxlzKNS5mf,1
Le Orme,Sospesi Nell'Incredibile - Remastered 2022,3IvnpqXuGWA9CewICwiE0K,0
Led Zeppelin,Royal Orleans - Remaster,5zTX9sl93oTNuUiOmgq5Cc,2
Led Zeppelin,Tea for One - Remaster,3t9Gt4luM1yDfKIljQdiFb,2
Led Zeppelin,The Crunge - Remaster,7IgBLFklu75pp8Y1vphChS,2
Lee Morgan,A Pilgrim's Funny Farm,2AVV6taRY3oqz5xFpbymeZ,0
Lee Morgan,Davisamba,45idcuhzZlxEXh8sewTh3V,2
Lee Morgan,Gary's Notebook - Remastered 1999/Rudy Van Gelder Edition,00dDsLgxoPzhbPD3owDfwT,0
Lee Morgan,Haeschen,1SQbZqRmyDrokK195H9KKR,2
Lee Morgan,Is That So,2O5cxUnrhYAn6KSbsl2Knf,3
Lee Morgan,The Rajah,7Kr2n1eC0Npr36SW27SXLV,3
Lee Morgan,These Are Soulful Days,3HQBY6YfomUIXgyowl6pvs,1
Lee Morgan,What Now My Love,2iXP4A9k9qDVXOvGJ7gnVX,3
Locanda delle fate,A Volte Un Istante Di Quiete,5atH3gJdeM8cJJrB14pr7Q,1
Locanda delle fate,Cercando Un Nuovo Confine - Remastered 2021,2669KyQ9Yasjy35FYghsyd,1
Locanda delle fate,Forse Le Lucciole Non Si Amano Più - Remastered 2021,4P0iCtuPba62SoYoOkTpD9,1
Locanda delle fate,La Giostra,5ynmThQ9lozD3rKfy7xKQB,1
Locanda delle fate,Non Chiudere A Chiave Le Stelle - Remastered 2021,53Xg1OShqi3ZszplRdFTkJ,1
Locanda delle fate,Vendesi Saggezza,0Dm00gc8mdz7uN9mM1PkF8,1
Magma,"""Iss"" Lanseï Doïa",0TzvLVdtOIdtCgyC7pY8u3,1
Magma,Auraë,3beVqVzq1WqfgESzYkTR0C,1
Magma,Aïna,0o7zKKxSu8g44wuDNCe85Q,1
Magma,Blüm tendiwa,79AmUsrtmBvUrytiOxY7eE,1
Magma,Bradïa da zïmehn iëgah,4iU084dN6XWIn4fZmhEvAg,1
Magma,C'est la vie qui les a menés là,06LFm8BHm43VI2GgyPpfMN,0
Magma,Call from the Dark - Remastered,2LM1cUrlszf3LDpyQQttZf,1
Magma,Da zeuhl wortz mekanik,66ASuE9Az8Rz34DcGPj7VM,1
Magma,Da zeuhl wortz wainsaht,6F8bXTxarX6m4TwImPXhmV,1
Magma,De zeuhl ündazïr,1irFgUiWodAJlKwa7XnZXS,1
Magma,Drum Solo - Live in Bremen 06.02.1974,3hLPEscjjgx4vaUMyl9TdX,1
Magma,Ek sün da zëss,6Ytmdb0uLXnmkTbxROR9Ic,1
Magma,Emëhntëhtt-Ré III,1HO0v0G0RmUCDLaX2mFl82,1
Magma,Emëhntëhtt-Ré IV,43o0jTOpESpZgI3Rq5cNh4,1
Magma,Funëhrarïum Kanht,2Ixfrv9wLGtexJAyw2Q7Dq,1
Magma,Fur dihhël kobaïa,2tkDqfz56pcWKka84IT82b,1
Magma,Hamtaak,4bMSlRt7rjVVnRsyBUmAbC,1
Magma,Hortz fur dehn stekehn west,5cX0dK8irfFJisR3Kc76YO,1
Magma,Ima suri dondai,3d8mvkCq1HtD1Bfgs9SAgV,1
Magma,Ki Ïahl Ö Lïahk,7zm6BA0K837QDw9ZuEIrsI,1
Magma,Kobaia,5PE725D8ZkAXhKcPN0a8Gr,1
Magma,Kobaia iss de hundin,5FCQqzbrWHhDhc7CTE5Bpg,1
Magma,Kobaïa,5PE725D8ZkAXhKcPN0a8Gr,2
Magma,Kreuhn kohrmahn iss deh hundin,1aPCCX4XVnZ6PBfuuxOUHR,1
Magma,Malaria,1MuNfaEPc0C19FBnv9zIQE,1
Magma,Malawelekaahm,6ddio9SOVv2qQlFk3ijzGU,1
Magma,Malawëlëkaahm,6ddio9SOVv2qQlFk3ijzGU,1
Magma,Manëh fur da zëss,3XPEN8exhltoQqm6g2eGGv,1
Magma,Mekanik Destruktiw Kömmamdöh:II.Imah Süri Dondai - Live in Bremen 06.02.1974,1z1T02eUWD5ZxpZ2tKcJ72,1
Magma,Mekanik Destruktiw Kömmamdöh:III.Kobaia Iss Deh Hündin - Live in Bremen 06.02.1974,6mLpqz8uSDCsGtq67yCLcq,1
Magma,Mekanik kommandoh,2ksphpHTA06ZBaL1kKSUi0,2
Magma,Mûh,2GT34m6VoAl10scMl6yVEt,1
Magma,Naü Ektila,0nYf3myOW4b4nvv9jaahnF,1
Magma,Nebehr gudahtt,0ylNkyLW9Yr12u06SySgZO,1
Magma,Rïah Sahïltaahk,5oEkkI0nD91qkxxCSrsix2,1
Magma,Sewolahwehn ohn zain,0NqfgVG8QqtyCDLBusrxmp,1
Magma,Sohïa,6Xw0flhmnotDUg3qHjEPaD,1
Magma,Stöah,2L4b9cU7XCmeaDanuIodD6,1
Magma,Sêhë,3qyaVVoN7X60iDNU7Yz046,1
Magma,Sëhnntëht dros wurdah süms,7xmOSX2BSeO85BgQQ4Y9PA,1
Magma,Thaud Zaia,59BFj4DPBDLg0YgWb6oUBp,1
Magma,Waïnsaht,2DSEFdwKB0ErIpqBRKPtKl,1
Magma,Weidorje - 2020 Remastered Version,5EY3E7N4412c3jSdyBZUZr,1
Magma,Wlasïk steuhn kobaïa,6DlMHJZTJcRUlbT75sCtG7,1
Magma,Wohldünt mem dëwëlëss,37Qka82cRzwRo6HOGZYZFR,1
Magma,Ëmëhntëhtt-Ré I,65VAGAGz8TTQyG6NJUKkqJ,1
Magma,Ëmëhntëhtt-Ré II,65VAGAGz8TTQyG6NJUKkqJ,1
Mahavishnu Orchestra,Celestial Terrestrial Commuters,1YBsTyfwgt0voFd1lLPxqv,4
Mahavishnu Orchestra,Clarendon Hills,6BIu5cV2499tJ7lMGwIA2G,1
Mahavishnu Orchestra,Dream,4IqIHciPD5U0iwK2qI7m3w,2
Mahavishnu Orchestra,East Side West Side,6hxtgpXpTZqx9JjdqvIb4D,3
Mahavishnu Orchestra,Eternity's Breath Part 1,4ryzVd9FVl7rDU9SoSJMrY,0
Mahavishnu Orchestra,Hope,7po4gngSAUkvNAGspwucVe,3
Mahavishnu Orchestra,I Wonder - Live,2Co8T6Qm59JagLed2IDSOR,1
Mahavishnu Orchestra,Jazz,3uY4iMo1uIxlNfN0U2c3ek,1
Mahavishnu Orchestra,Nightriders,01R1IlNF2tadU1BkYL2dg1,10
Mahavishnu Orchestra,Nostalgia,1ppDIYIJwMdOQThAvqTm5w,1
Mahavishnu Orchestra,Open Country Joy,5OKYKe0H3Wnjiw4lB5u9kh,4
Mahavishnu Orchestra,Opus 1,0W9cCe2cokCkaSpFKZNiUO,2
Mahavishnu Orchestra,Pacific Express,1Tymg8jX3o7jwXbvmHpoeT,1
Mahavishnu Orchestra,Radio-Activity,2xTOrWV3pXZUo4f5cKdXHx,2
Mahavishnu Orchestra,The Unbeliever,3VQPdIxhOmCBkV61vyFH9s,2
Mahavishnu Orchestra,When Blue Turns Gold,1BWUjVeGwFg0VgsVAdAfOn,1
Maurice Ravel,"Ma mère l'Oye, M. 60: I. Pavane de la belle au bois dormant - Lent",4k2uu9nsoueK2HWJJKtk0E,0
Maurice Ravel,"Ma mère l'oye, M.60: Danse du Rouet et Scène",3w39qFKjRpgqAKhww2dptB,0
Maurice Ravel,"Ma mère l'oye, M.60: Pavane de la Belle au bois dormant",4ACwXFyAXGYerc0mcLl2gU,0
Maurice Ravel,"Ma mère l'oye, M.60: Prélude",07unZIQ8g9vzmhPXF3cCB0,0
Maurice Ravel,"Ravel: 2 Mélodies hébraïques, M. A 22: No. 1, Kaddish (Transcr. Siloti for Piano)",0ncxdfrlw5L6uXEBeizf4P,2
Maurice Ravel,"Ravel: A la manière de... Borodine, M. 63",1oSq0jHdOsKzyXbeoYsPxd,1
Maurice Ravel,"Ravel: A la manière de... Chabrier, M. 63",1lhAPFTdjgW23x0kwISd4s,1
Maurice Ravel,"Ravel: Gaspard de la nuit, M. 55: I. Ondine",5VWDd8OoRZsqqNVkOpGFal,9
Maurice Ravel,"Ravel: Gaspard de la nuit, M. 55: II. Le Gibet",3T1deHpPmQ8duImGmmaKvn,6
Maurice Ravel,"Ravel: Gaspard de la nuit, M. 55: III. Scarbo",175FPy9phgd1jy6LflQD3w,8
Maurice Ravel,"Ravel: Jeux d'eau, M. 30",5ecYIBzLGMydPa5IFWq4AT,0
Maurice Ravel,"Ravel: L'enfant et les sortilèges, M. 71, Tableau I: ""J'ai pas envie de faire ma page"" - ""Bébé a été sage ?"" - ""Ça m'est égal !"" (L'Enfant, Maman)",7w39NZ8nDTsHyKq2Txc13R,0
Maurice Ravel,"Ravel: Le Tombeau de Couperin, M. 68: I. Prélude",1XZlMUJyYUUqhNSCtmiEbN,8
Maurice Ravel,"Ravel: Le Tombeau de Couperin, M. 68: II. Fugue",3Iw2VkCEECNxr42p2sMBmU,9
Maurice Ravel,"Ravel: Le Tombeau de Couperin, M. 68: III. Forlane",0EKCFDgg5qOzACcx17s1DH,8
Maurice Ravel,"Ravel: Le Tombeau de Couperin, M. 68: IV. Rigaudon",0aveeH2eeXGo9EbtxD7h60,8
Maurice Ravel,"Ravel: Le Tombeau de Couperin, M. 68: V. Menuet",1HjiFQtbXp4EXLzyC05j3K,7
Maurice Ravel,"Ravel: Le Tombeau de Couperin, M. 68: VI. Toccata",786KGrny0Jh5L99LHvPTYT,10
Maurice Ravel,"Ravel: Menuet antique, M. 7",4ClecsBehWvW8bsYiNrj02,7
Maurice Ravel,"Ravel: Menuet in C-Sharp Minor, M. 42",2kSx3R7S0vkpGxiCu708y8,1
Maurice Ravel,"Ravel: Menuet sur le nom de Haydn, M. 58",5d43R6HJzYpSC3fKG7aBj1,9
Maurice Ravel,"Ravel: Miroirs, M. 43: I. Noctuelles",3PxmRz1gG43yjzl5ev1Qca,10
Maurice Ravel,"Ravel: Miroirs, M. 43: II. Oiseaux tristes",2iTayyi1qohYLoykZ4eEZ8,9
Maurice Ravel,"Ravel: Miroirs, M. 43: III. Une barque sur l'océan",0eoHzI456z8FK5o0g7pdGn,0
Maurice Ravel,"Ravel: Miroirs, M. 43: IV. Alborada del gracioso",68Faz6Nc9UnWuOz1oC2DEv,7
Maurice Ravel,"Ravel: Miroirs, M. 43: V. La Vallée des cloches",1vRDKkxMscAH1o8emcDbcw,4
Maurice Ravel,"Ravel: Prelude in A Minor, M. 65",6oQ5F0XP1xeJV3gnoXHc9P,2
Maurice Ravel,"Ravel: Sonatine, M. 40: I. Modéré",7hCMOTIdI3BXMydy5OOpPq,8
Maurice Ravel,"Ravel: Sonatine, M. 40: II. Mouvement de menuet",1KfM3JMnBVaXTdEcSrLkXs,7
Maurice Ravel,"Ravel: Sonatine, M. 40: III. Animé",2AuMohtkt1I4EopM5loIdx,7
Maurice Ravel,"Ravel: Sérénade grotesque, M. 5",6bPf7fq9sfajKCgAj2Vbfe,4
Maurice Ravel,"Ravel: Valses nobles et sentimentales, M. 61",2F0Snw6msJMocJoKYaJIKl,1
Maxophone,Al Mancato Compleanno Di Una Farfalla,5Kho1KRVURzY34L2dyM7pP,1
Maxophone,Antiche Conclusioni Negre,2waMVJfakTav8b2oMSfN4J,1
Maxophone,C'è Un Paese Al Mondo,5ePc0NOWP2HWhYdg8ZXSff,0
Maxophone,Cono Di Gelato,1s9yU7edqPYyIfQsBtho5d,1
Maxophone,Elzeviro,29YYY3uPX96kc7cG7teOKP,2
Maxophone,Fase,2KNn81hVQHCuVojuOJsJ9p,3
Maxophone,Il Fischio Del Vapore,6azr342M0RYJM3TobqDqAO,1
Maxophone,Mercanti Di Pazzie,5YXcBvG2ZEnlN0tyS3jvCS,1
McCoy Tyner,Blues On The Corner,4dL4C5uezPiXv2l6sout5U,2
McCoy Tyner,Contemplation,55GY76amiMF9wjAeto5vco,3
McCoy Tyner,Contemporary Focus,0BztheOo2jDZ8oeSlf2cU0,2
McCoy Tyner,Four By Five,5XHy3wwIuovcZObZI4v7s5,3
McCoy Tyner,Passion Dance,0lELi5BqmUO4hXTFfAUf60,2
McCoy Tyner,Search For Peace,4qRJ7ZJyfzchEd2fjle7Bz,4
Miles Davis,"Flamenco Sketches (feat. John Coltrane, Cannonball Adderley & Bill Evans)",3R3fcrKaeBr3U6s9R2belr,6
Miles Davis,Jeru,7o3lr6ptQ4qAP4uUl81zG1,7
Miles Davis,"Milestones (feat. John Coltrane, Cannonball Adderley, Red Garland, Paul Chambers & Philly Joe Jones)",1xicvSO4CJ2ymqYgpk7DFh,7
Miles Davis,"Prelude, Pt. 2 - Live at Festival Hall, Osaka, Japan (1st Show) - February 1975",3KNYBgLWLY3kmDwp0IzdVd,1
Miles Davis,"Right Off (feat. Steve Grossman, John McLaughlin, Herbie Hancock, Michael Henderson & Billy Cobham)",1wv6WYD9bRXAQiLE45elk6,3
Miles Davis,"Yesternow (feat. Bennie Maupin, John McLaughlin, Sonny Sharrock, Chick Corea, Dave Holland & Jack DeJohnette)",0s9vtPWq7XBqrcEtXsFzyO,2
Museo Rosenbach,DEGLI UOMINI,3mA3nk9xCnicKDnvFOAjRD,1
Museo Rosenbach,INTRO + DELL'ETERNO RITORNO,7trg2yXAuNsbVKhf3smkpb,0
Museo Rosenbach,ZARATHUSTRA (L'ULTIMO UOMO/IL RE DI IERI/AL DI LA' DEL BENE E DEL MALE/SUPERUOMO/IL TEMPIO DELLE CLESSIDRE),3auBYoa4oV8gWXbrGxd5VP,0
Napoli Centrale,Simme Iute E Simme Venute,3gkByFFY067aiRrpzMxm68,3
New Trolls,America OK,50c4rUyt3TSghcsfNR6ySu,1
New Trolls,Dancing,1gv6D8ZgxE2t3lPlT1uU8X,1
New Trolls,III Tempo: Cadenza - Andante con moto,3vvgNm0vCkVNsiSf0RuRh2,1
Nikolai Rimsky-Korsakov,"Russian Easter Festival Overture, Op. 36",0aE3bEECxqqmmFOFxbCzVd,3
Nikolai Rimsky-Korsakov,"Scheherazade, Op. 35: I. The Sea and Sinbad's Ship",4hB2Mn8sMqHkv9P03fvzuZ,0
Nikolai Rimsky-Korsakov,"Scheherazade, Op. 35: Scheherazade, Op. 35: I. The Sea and Sinbad's Ship",4hB2Mn8sMqHkv9P03fvzuZ,0
Nikolai Rimsky-Korsakov,"Scheherazade, Op. 35: Scheherazade, Op. 35: II. The Legend of the Kalendar Prince",15jIL0xiVkESkwAN8WCdYQ,1
Nikolai Rimsky-Korsakov,"Scheherazade, Op. 35: Scheherazade, Op. 35: III. The Young Prince and the Young Princess",3j97tmXy9XOnyJBbD1bM1O,1
Nikolai Rimsky-Korsakov,"Scheherazade, Op. 35: Scheherazade, Op. 35: IV. Festival at Baghdad - The Sea - The Shipwreck",0yxGQ6lNGm4fVZmYkIfsbb,1
Nikolai Rimsky-Korsakov,"Spanish Capriccio in A Major, Op. 34: I. Alborada",0t3faojpQBtwx7QcRx8XjJ,6
Nikolai Rimsky-Korsakov,"Spanish Capriccio in A Major, Op. 34: II. Variazioni",1GOJxJkUTErNinXcInmuWY,8
Nikolai Rimsky-Korsakov,"Spanish Capriccio in A Major, Op. 34: III. Alborada",0t3faojpQBtwx7QcRx8XjJ,8
Nikolai Rimsky-Korsakov,"Spanish Capriccio in A Major, Op. 34: IV. Scena e canto gitano",2ZhlIu934LXsZyHDHC2E5K,6
Nikolai Rimsky-Korsakov,"Spanish Capriccio in A Major, Op. 34: V. Fandango asturiano",49a6EEE2rVtAfYKyy85H8v,6
Nikolai Rimsky-Korsakov,"Svetliy prazdnik (Russian Easter Festival), Op. 36: Russian Easter Festival Overture",3zsodyNdo7PjBxGX1L4QUp,2
Nikolai Rimsky-Korsakov,"The Tale of Tsar Saltan Suite, Op. 57: The Tale of Tsar Saltan Suite, Op. 57: I. The Tsar's Farewell and Departure",5IvxB8yho2wPawTnVJiNfS,0
Nikolai Rimsky-Korsakov,"The Tale of Tsar Saltan Suite, Op. 57: The Tale of Tsar Saltan Suite, Op. 57: II. The Tsarina in a Barrel at Sea",5AJMG9mmT1dYj77PBAe7QX,1
Nikolai Rimsky-Korsakov,"The Tale of Tsar Saltan Suite, Op. 57: The Tale of Tsar Saltan Suite, Op. 57: III. The Three Wonders",5tbGnecJ9gX4ceoU3thszZ,1
Nikolai Rimsky-Korsakov,The Tale of Tsar Saltan: The Tale of Tsar Saltan: Flight of the Bumblebee,1dRGsMeRQkmXEQalWE0q8J,1
Oliver Nelson,Butch And Butch,1zNpEhOhQhFaXS7zVFmJFe,4
Oliver Nelson,Cascades,1CwtmQHTdSpIFZY82PFhMJ,9
Oliver Nelson,Hoe Down,3k7MPapSDy9kSWuhvXxP3c,6
Oliver Nelson,Teenie's Blues,10Duc9tIQoNwR439wZ9APR,0
Oliver Nelson,Yearnin',4L102q3UPh5dyJDUeuPVjY,0
Ornette Coleman,Chronology,14FkDSrkQPko4YMhx6dLI2,3
Ornette Coleman,Congeniality,20cLrU1NlLJlOhPO3CkX9G,6
Ornette Coleman,Eventually,4m4CTIkJedguy5kK4tLPC0,8
Ornette Coleman,Focus on Sanity,59OezEtep4hCy0n62Z3js5,2
Ornette Coleman,Peace,4TrzjMsOnd1KWkWrsDRB3u,7
Osanna,Ce Vulesse Ce Vulesse,3NJoJqNJA5rpTnWM0JzqCq,2
Osanna,In un vecchio cieco,6GnT3eKopBj8Vwt4tYtRlh,1
Osanna,L'Uomo,2vM08g0GiBFTXOidLIeRFX,0
Osanna,Non sei vissuto mai,6zw5PuGjTJbrOoZ3REMWIT,2
Oscar Peterson Trio,Bag's Groove,0ZK55vvr1yrm6HXMoUhugy,0
Oscar Peterson Trio,Band Call,4vsYktePz0JersI03zbxNn,2
Oscar Peterson Trio,C Jam Blues,4aThNuFztJ15YremppiZUJ,3
Oscar Peterson Trio,Easy Does It,0RIQBKhveHc4LA4BhtkstS,3
Oscar Peterson Trio,Georgia On My Mind,7p6ZeiNtEHJKmc4YWBZELG,10
Oscar Peterson Trio,Honey Dripper,0V75nAVrYddcZA41d8MtKn,6
Oscar Peterson Trio,Hymn To Freedom,1kGQzSasZr4HY5CzjHqCPG,4
Oscar Peterson Trio,I Got It Bad And That Ain't Good,4ol2UyMTiklHVujAWg02nE,0
Oscar Peterson Trio,Moten Swing,1haPzI492gIfPLv27qKUHA,6
Oscar Peterson Trio,Night Train,4fGgxzrQRyBTMcxtXzXQZj,6
Oscar Peterson Trio,Things Ain't What They Used To Be,69enZcR3Rr9Bg3fNzHEp9y,0
P.F.M.,Celebration - 1975 Single Version,4vk2t1rPc4SMKkOOklv05a,1
P.F.M.,Is My Face On Straight?,60RRIoBY4qAtYP4BEnqJhT,1
P.F.M.,Just Look Away,01jyfZO3Gt6z97Rjcg5HZZ,3
P.F.M.,La carrozza di Hans - Live,60Xj1vZer7MN7jmrYM60Ki,1
P.F.M.,Photos of Ghosts,0tSricUnrcA4LatvinoYVa,3
P.F.M.,The Mountain,421RItlDRQmIVupuRxwlZS,0
Paco de Lucía,Espiritu,6pFfe1YOnqbzXGXmhBx4AH,2
Pearl Jam,1/2 Full,2Iqf4Ee2zr1LOi7Osz4Gtc,1
Pearl Jam,Alright,5eBejwoNeBp7EtGGz54uQj,3
Pearl Jam,"Animal - Live at Melbourne Park, Melbourne, Australia - March 5, 1998",6z4hLk5Lq6JSIHDNGK9HW8,1
Pearl Jam,Arc,4xWWXa5myxGjPKsQw8QKcx,1
Pearl Jam,Army Reserve,1m83O2gho4H9SdQMGFznbg,1
Pearl Jam,Aya Davanita,1I0K800Ool9zOIxXhP31u2,1
Pearl Jam,Big Wave,6nFyfClo4MjoHg63nMwnds,3
Pearl Jam,Black,5Xak5fmy089t0FYmh3VJiY,1
Pearl Jam,"Brain of J. - Live at Melbourne Park, Melbourne, Australia - March 5, 1998",6PdFw6Fn5TgQx00pWnHU7k,1
Pearl Jam,Buckle Up,6R93ndVLgqG771h7pnX75V,3
Pearl Jam,Bugs,25YNWb6yFc2ATkZ7INpatB,1
Pearl Jam,Come Back,0sHdUji2tWxiRDfShSWHUN,2
Pearl Jam,Comes Then Goes,1Rjk4jlqDbMhIPFTXfP7ud,3
Pearl Jam,Deep,4tfWxyTBCJoN5gK358oL3W,1
Pearl Jam,Dissident - Live 1994,7FkM9KsoZJMpMFOmoBe8A3,1
Pearl Jam,Even Flow - Live 1994,55nLmKV1ScJFUY3kahvuSD,1
Pearl Jam,"Faithfull - Live at Melbourne Park, Melbourne, Australia - March 5, 1998",57M4JF2iCwAFHPn4x4vzle,1
Pearl Jam,Footsteps,1B4tCE5dgC9iwIfI5ZBphT,2
Pearl Jam,Future Days,22sDLvlzAJzH0BHiMSOfRP,1
Pearl Jam,Garden,3KcJEOyaLDLAERlOCBhmPA,1
Pearl Jam,Grievance,189mR6FM4zq4cd8u3ZAfSB,1
Pearl Jam,Hard To Imagine,7hekcdgtNQJPTbfSbmdfba,1
Pearl Jam,Help Help,07FbAbLMzbiuuzUpZq1wcY,1
Pearl Jam,In Hiding,4Pd29XwNou8SVdjcoVR4WP,2
Pearl Jam,Insignificance,3MMTT8PtN1C0SkAJdHdnOK,1
Pearl Jam,Last Exit,3g9QJOXLmC8lWnbvA0D0hl,1
Pearl Jam,Let The Records Play,6gSIF6oUV7L5A6NTFSSPeU,1
Pearl Jam,Life Wasted,4E938GnJH2e4dtImtRpjpX,1
Pearl Jam,Never Destination,2gxQigO5StuN5g8AMlWoLI,3
Pearl Jam,Oceans,0LBmvPJYmtEJ7kkWvc3kbT,1
Pearl Jam,Of the Girl,01lAY8jr5I5Xw69jtiqR8k,1
Pearl Jam,Other Side,3aM6TBQ1zXPTlhUvd6FVNF,1
Pearl Jam,Parachutes,5r7aERh906qlhm9bapUkmz,1
Pearl Jam,"Pry, To",6Niltvp85DWb4qstAwW0NW,1
Pearl Jam,Rearview Mirror - Live 1994,0P5f2qSLod5Zdb9Eajmnsn,1
Pearl Jam,Release - Live 1994,3BIzk3QWhmFZc6NiaQNCiG,1
Pearl Jam,"Release - Live at Melbourne Park, Melbourne, Australia - March 5, 1998",6DifPvqyEMk6zj0uDvcOpl,1
Pearl Jam,Rival,2HEiUajsmUu30YwUqkYIrm,1
Pearl Jam,Satan's Bed,7Lcpuetp0oQtELVnd5Hw9s,0
Pearl Jam,Seven O'Clock,2JmykqxMj8Gb5ZMX4F4BAK,0
Pearl Jam,Stupidmop,0hbds76eofToTXy335KQiR,1
Pearl Jam,Take The Long Way,1C9c7jWJRqPDn4hzv5wzm5,3
Pearl Jam,Thin Air,5bPYDsEQUNTjj4XonBt95N,1
Pearl Jam,Tremor Christ,0TQvjpyA3NfYLrwIhKxSON,1
Pearl Jam,Wash,3FBLYp6yqGDiEHOV3fs7Qw,1
Pearl Jam,Wasted Reprise,19hDHreOgooLfOz9WXp5Z4,1
Pearl Jam,Whipping,0zwjhaBWQEs7LUkuIZFRtl,1
Pearl Jam,Whipping - Live 1994,7sswDNhTfQ9pYUrclrIhtu,1
Pearl Jam,Why Go,337kipThk7s7nHJ8POg1jK,1
Pearl Jam,Why Go - Live 1994,6DQONPLBUraKbmDCvuYjWc,1
Pharoah Sanders,Colors,3eHGZ4FEFCtOMlyg6LKzTg,2
Pharoah Sanders,Japan,7gUexbkQ4hUsrdDxcIifAw,2
Pharoah Sanders,Medley: Aum-Venus-Capricorn Rising,3MIVVLPeWgCSHBuncEElSZ,1
Pharoah Sanders,The Creator Has A Master Plan,0VtW9kU97Le5SQ0ml4nFzO,4
Pharoah Sanders,Upper Egypt & Lower Egypt - Medley,2gbnEaRAcPw30t7RHYczNd,2
Philip Glass,Glassworks: I. Opening,4gdwUYVnVv8u0t6XaYob4v,10
Philip Glass,Mad Rush,2ox3cbtovW3Bt6QdlCwCDp,8
Philip Glass,Part 1,2ox3cbtovW3Bt6QdlCwCDp,1
Philip Glass,String Quartet No. 5: Movement I.,1EyCjLK2bQ9TFxmjkjsYI3,1
Pink Floyd,"Another Brick In The Wall, Pt. 2 - 2011 Remastered Version",7rPzEczIS574IgPaiPieS3,2
Pink Floyd,Hey Hey Rise Up (feat. Andriy Khlyvnyuk of Boombox),05d0sXGApO7BPFY9tMwCXm,2
Pink Floyd,Sheep - 2011 Remaster,33MQVOulAb4ZlUP2l3yZBG,1
Pink Floyd,Terminal Frost - 2011 Remastered Version,1oVRvkHEFbw6qR3iJrBUNX,1
Pino Daniele,Tarumbò - 2021 Remaster,5cr93CAi74Pd060p5hM6pV,1
Pino Daniele,Tutta n'ata storia - 2021 Remaster,0nmxn61B6SQxvD2RcVj1m2,0
Porcupine Tree,Deadwing - 2017 Remaster,1JbCORxfVJCEgJkDhZWl6x,1
Porcupine Tree,Shallow - 2017 Remaster,1lwGdgzkQ2LvHDo1YYCkXY,0
Porcupine Tree,The Sound Of Muzak - 2017 Remaster,3PMKeBhFHHQTkvBpKMnEqy,1
Premiata Forneria Marconi,Appena Un Po',2Pxrc170vjMuvDmoFzoGNo,0
Premiata Forneria Marconi,Appena Un Pò - edit vrs,24wWfBLgfmgOVoqT0IsinW,1
Premiata Forneria Marconi,Chi Ha Paura Della Notte? - live 1981,7tIYH4omE6bGjLAlsrN9dE,1
Premiata Forneria Marconi,Colazione a Disneyland,6hoWmKR6JeZgwH8gWoAPCg,1
Premiata Forneria Marconi,Danza Macabra,7Atry7CuuzWixhDkXqvkVx,1
Premiata Forneria Marconi,Danza Slava n°1,7GEIOUpO12WyvIffw7gKHs,1
Premiata Forneria Marconi,Dove... quando (parte 1),2j3vFZUYfvmyxIhwSktKpr,1
Premiata Forneria Marconi,Dove... quando (parte 2),2j3vFZUYfvmyxIhwSktKpr,1
Premiata Forneria Marconi,Dove...Quando,2j3vFZUYfvmyxIhwSktKpr,1
Premiata Forneria Marconi,Dove...Quando... - remastered 2007,0GpFeDOLE6HnZUHHF3QtGT,1
Premiata Forneria Marconi,E' Festa - remastered 2007,65TUfR9WkBv90nxN0VPkqa,0
Premiata Forneria Marconi,E' festa,5SqUFv3nQsNbxohfSWb3iZ,0
Premiata Forneria Marconi,Finta lettera di una rockstar per farsi propaganda,5HSxjU1XIBITlVNefeCWHM,1
Premiata Forneria Marconi,Il flauto magico - Ouverture,2dEjFr3W2XerZ8Ejyj9Zun,1
Premiata Forneria Marconi,Il regno,7boKIfgCv1WExrSAr77TP0,1
Premiata Forneria Marconi,Josephine Baker,04Fc4mjwwLRm7PmhBcXwkV,1
Premiata Forneria Marconi,La Luna Nuova,3ALrFyTCqW3PQY8u9IRlNC,2
Premiata Forneria Marconi,La chanson d'un aviateur,5IzPmFCQ0mLaUmAq1JRbtr,0
Premiata Forneria Marconi,La grande Pasqua russa,5TjLHZ8tPECmCgR2LvlFWd,1
Premiata Forneria Marconi,Lory - live 1981,4IHF1GcWR8rNfBPJoP5HMa,1
Premiata Forneria Marconi,Maestro Della Voce - live 1981,478KCFyqtQs6MEK4nedMf0,1
Premiata Forneria Marconi,Maestro della Voce,4AczyCyPH0ORBk20FxL13i,1
Premiata Forneria Marconi,Nabucco – Ouverture,7hdOrfYkXWCNkjyJxLliHc,1
Premiata Forneria Marconi,Prima che venga la sera,3ghhFVZ4EvyEbmKY1Y2qgd,1
Premiata Forneria Marconi,Promenade the Puzzle,1jOvpZ07oECyjKy3vHkW5M,1
Premiata Forneria Marconi,Quartiere Otto - live 1981 (QT8),6aMgAYpoktGhoqgl9t7PPd,1
Premiata Forneria Marconi,Rain Birth,2mARTNuh47qalXdS1Vo2tx,2
Premiata Forneria Marconi,Romeo e Giulietta – Danza dei cavalieri,3yciX2Ajg2A4n8YVW6kOWF,1
Premiata Forneria Marconi,Si Può Fare - live 1981,4o1vJvMy7cT2OK4H6GGzOK,1
Premiata Forneria Marconi,Sinfonia n°5 IV mov. Adagietto,5Jxu7oEUlaoo5ifAjdUnvZ,1
Premiata Forneria Marconi,Suite italiana,3GFrWdBXhfvoloLRN1axl4,1
Premiata Forneria Marconi,Suonare Suonare - live 1981,20uGAzdfs6Liz1I7DaKtU7,1
Premiata Forneria Marconi,Tempo tempo,3UYvfsdw3BzTVTrFQOlZXP,1
Premiata Forneria Marconi,Un amore vero,0VyF3OUl3JYMcjJn5BH78V,1
Premiata Forneria Marconi,We're Not an Island,70i0DFH5gr7DHnKDLn1Yi6,0
Procol Harum,Beyond the Pale,6Pa5OFl0ZKZbLffHmefRc6,3
Procol Harum,Something Followed Me - 2009 Remaster,24rblV0Ps88NnjhgbRXeEq,1
Quella Vecchia Locanda,A forma di...,2eEqY49V7dJGaKOomDj5wu,1
Quella Vecchia Locanda,Dialogo,5LetkgaleubvdpOpyF5fud,3
Quella Vecchia Locanda,E' accaduto una notte,31CqqISJqr1bkf7f40bJYQ,0
Quella Vecchia Locanda,Il Cieco,7JzGim6hinaarQpSbp35GG,3
Quella Vecchia Locanda,Immagini Sfocate,1VKOuiMqzFtRYY8TouhPnt,3
Quella Vecchia Locanda,Prologo,0uirJDz0HMuwkR9r8lGv5y,3
Quella Vecchia Locanda,Realtà,419Z6Yvogq0z31XAyUBgBw,2
Quella Vecchia Locanda,"Sogno, Risveglio E...",6D701UJleHIpwVuEnMmqCJ,2
Quella Vecchia Locanda,"Un Villaggio, Un'Illusione",2z1LKBc49vz8QjqNB00sHP,0
Quella Vecchia Locanda,Verso La Locanda,0M3AnhDKbth6OH06rvQxfv,2
Quella Vecchia Locanda,Villa doria pamphili,4bjvDSa3NFA3BpCJnc3Q3u,1
Rahsaan Roland Kirk,Ain't No Sunshine,1mScOKklx8m8FvNcarYHOs,0
Rahsaan Roland Kirk,I Love You Yes I Do,2UVvag4eQl62MzuJidfpJI,5
Rahsaan Roland Kirk,"Take Me Girl, I'm Ready",4Dvwy40ELhimL0Mwg6wUlr,0
Rahsaan Roland Kirk,What's Goin' On / Mercy Mercy Me (The Ecology),4r4EY9qAGddFomXYlo7fea,0
Rainbow,A Light In The Black,049KSornup3DVwWNxLY9UJ,3
Rainbow,A Light In The Black - Los Angeles Mix,5Ndgg4jBl8Fzho5WpsqNrG,1
Rainbow,A Light In The Black - New York Mix,0AmCSeEizZZ5kziIUNSgJY,1
Rainbow,All Night Long,2BlLttMcD1dSH4Jv2wjWLp,6
Rainbow,Anybody There,1R0Rc4RA1NedbufIGakrDo,1
Rainbow,Black Sheep Of The Family,3wAd4rNvSopqKFO0YIJ0zS,2
Rainbow,Can't Happen Here,6c6PblxgdrYEULpt65p8tO,0
Rainbow,Catch The Rainbow,7FtRUrOEDUHTvenvp1BqZo,5
Rainbow,Difficult To Cure,7gDIGiGfnK5m2CWsPPUjyt,3
Rainbow,Do You Close Your Eyes - Los Angeles Mix,1uPO9WGrtGJryY7gkkB6BY,1
Rainbow,Do You Close Your Eyes - New York Mix,3c0SocCQvJcEtvcZAvNIWX,1
Rainbow,Freedom Fighter,1th4MenTqwJeo3CPujG7fI,2
Rainbow,Gates Of Babylon,76SEZdYnMNnUqi43anI14r,4
Rainbow,I Surrender,2dHjSNCw10clC9oOld8tPn,7
Rainbow,If You Don't Like Rock N Roll,64enW3rHeJARNgApoW8f33,0
Rainbow,Kill The King,7hVivPlFPhtiLU2uli9j66,6
Rainbow,Long Live Rock N Roll,2lRhq1ZfHNiaVNHkTWeXUv,2
Rainbow,Magic,52FfLtf77R8QYd5q8ofhZR,2
Rainbow,Midtown Tunnel Vision,7qbQ8QTP89wuUEA6J4u1at,2
Rainbow,No Release,6fQhgd0xpH6GvgYtAjeBJQ,1
Rainbow,Run With The Wolf - Los Angeles Mix,7epS680l7g7cmMsjh8wqEU,1
Rainbow,Run With The Wolf - New York Mix,23nAIfJSb1V4US2ZRdQerP,1
Rainbow,Self Portrait,4hUn5Zuj9JkXwL6egSy4jI,1
Rainbow,Snake Charmer,6ikWxnBJsH3TOXbOeQGEHB,2
Rainbow,Spotlight Kid,790Nmh2fw2BuuVyRpim3TN,5
Rainbow,Stargazer - Los Angeles Mix,2iOXJGfknoXCNIT3joUZ5C,1
Rainbow,Stargazer - New York Mix,4xhFGedBnZDqccPwisb55d,1
Rainbow,Starstruck,64GaIxLU16MP3v3fPabp4f,3
Rainbow,Starstruck - Los Angeles Mix,5pRCJD5RQFeVAsr2Y6ZuKH,1
Rainbow,Starstruck - New York Mix,3OdKAsHNq8cjTBsqYpfp46,1
Rainbow,Still I'm Sad,6SGyIqFinpL3bwsvmCrijd,0
Rainbow,Stranded,4imxNG8h39DjYxQibvbo9X,2
Rainbow,Tarot Woman - Los Angeles Mix,7vRrZsslX2jFehMOlR47kZ,1
Rainbow,Tarot Woman - New York Mix,3kmApNwADFxeJ01rcfNi0X,1
Rainbow,The Shed,6AKvx2Ojva3KcvLHYT5HEe,3
Rainbow,The Temple Of The King,0gaMmmhGi5buPXpquSAfxg,2
Rainbow,Vielleicht Das Nachster Mal,3k0NZZeAXwZ80V3z6fH76j,2
Renaud Garcia-Fons,Bosphore,7Ct95q35RG1XHSiFewS8mG,1
Renaud Garcia-Fons,Chacone,3zMoRON1u6JaxK1Max4CMO,1
Renaud Garcia-Fons,Dancar,4Sro9zHht7qLcsbXocGvEm,1
Renaud Garcia-Fons,Fortaleza,5ThW5k1SJyVjpRRIrNhzvn,1
Renaud Garcia-Fons,Güney,0UNiWARtJZEXJePAIZypir,1
Renaud Garcia-Fons,Il Confino,6MbA3wonXkgS6AZljHRSoS,1
Renaud Garcia-Fons,Jovencita,1kPs0aldN2ioyh5BYbObnu,1
Renaud Garcia-Fons,Las Ramblas,7cczbRX8G1IfGIJiTRcbKv,1
Renaud Garcia-Fons,Los Secretos,1d6lfHZE7qidRyrvxC1Ksg,1
Renaud Garcia-Fons,Luces de Lorca,0rXSr9OGiOdCiB5TbXubGO,1
Renaud Garcia-Fons,Marmara,2tiftMKZTxnGNk2AqZkJxI,2
Renaud Garcia-Fons,Nove alla turca,0q8mN12x5MnNn2FzBGsdNb,2
Renaud Garcia-Fons,Pavane du levant,06kPPvU3Rm0GGXoh70QLva,2
Renaud Garcia-Fons,Reng-é shotor,69eZNKiyKtyAKIt3ExDBN7,1
Renaud Garcia-Fons,Soleasol,7GRgDba8u1sA6zCIbfZdBV,1
Renaud Garcia-Fons,Tavalod,7KUJmzI7amroBbBznKLwAs,2
René Aubry,Brimade légère,6cMUkNxB6EagmHvsriY8Es,1
René Aubry,D'un pas si facile,2ZTMowKaiaT0pzBUDTZPDW,0
René Aubry,Demi Lune,0fU6JBo0DWJRPdyr2Klps6,2
René Aubry,Flow,3ATxzi1Nkf8DB1uKtrAUjC,2
René Aubry,Frénésie,4ra00bpGcPIuOxEa0HWtMu,1
René Aubry,Invités sur la terre,6mlnv1oodhJY3Foh6uT5Vr,1
René Aubry,La petite cascade,4L4iSoysRUv6hjy9HC4mT4,2
René Aubry,Les blés en feu,6XEzvLyOiHJtGAjMYxhCxJ,1
René Aubry,Lungomare,2g3bJEBzmrb8S3bEWKBHzp,2
René Aubry,Matera,1yzPpKTL0L3iAvl6B4TREH,1
René Aubry,Noël aux Balkans,21C49WcyMEEtGp5oVYuvvg,1
René Aubry,Pauvre Juliette!,1r8hn3OX3iy4AO6ZGGuG7t,1
René Aubry,Prima donna,17sxR7D7joH8YXQyX3JbbG,2
René Aubry,Scirocco,3D0dkfUqvjhsaDJlzbmilS,2
René Aubry,Sept guitares,5XixCMJmqNEhd2ywQtTADi,1
René Aubry,Sette Bello,0Gr1sjd0MUsO2slJ84xdTC,1
René Aubry,Signes,1FpoAva7jXrKxtRngdZyYe,1
René Aubry,Sirtaki à Helsinki,467cKPjZfv5P5gAR9EDZ3n,2
René Aubry,Soleils,7KRSkuyh8hv9ICxXIucmau,2
René Aubry,Solitaire,65Wg5XHCIeJEij30B8kqfE,1
René Aubry,The Mouse,2JSylIe2ixQbNPtTfza6Tk,1
René Aubry,The World Is Wide,2vjI6FzR8MgCCrUfdlotbt,1
René Aubry,Tournelune,7x0mAACUgc76klV4MrqB7f,1
René Aubry,Trou de mémoire,6t7TWBOyUWFFMjrFEITpqH,2
René Aubry,Vodka m'intéresse,7sbcgFjCUhzZbpmm9ilsR2,0
René Aubry,Water Falls 2,4TxLU9gHTQyZvyKfGiAfHF,1
René Aubry,Zig Zag,7atOzdt6HbXektlcbaSuYz,2
Rick Wakeman,Anne Boleyn 'The Day Thou Gavest Lord Hath Ended',0Wdwy3jsOdkrCVxWcrVOnj,0
Rick Wakeman,Anne Of Cleves,7ddqkVrBnxP812bND32Yum,2
Rick Wakeman,Catherine Howard,53kGxsTudOPuNIBzjpEpU6,7
Rick Wakeman,Catherine Of Aragon,0WQUt4nTCz1Y2UDaYPH9MB,4
Rick Wakeman,Catherine Parr,4jArV04Pku6vPnoeIcfomX,4
Rick Wakeman,Jane Seymour,6lWdZ4Di8AB9auYr8e6zE3,4
Rick Wakeman,The Last Battle,3bbzqQRWSCc2yuaeuf8s9F,3
Robert Fripp,Breathless - First Edition: Original 1979 Release,2XlQL3XQqHud9MJfXdaDNl,1
Robert Fripp,Breathless - Third Edition,6Kz7PBg6GiPSfLUoMGDPzF,1
Robert Fripp,Chicago - First Edition: Original 1979 Release,5F3dA8oLK9k0mtQMsOlBYO,1
Robert Fripp,Disengage - First Edition: Original 1979 Release,59RvV9PDrqaGdZs2m8Bekk,1
Robert Fripp,Evening Star,2DN5E4hDKt5DdU3FtLXLCz,2
Robert Fripp,Evensong,0ip8dxJsIDkT68JTCunoJS,1
Robert Fripp,Exposure - First Edition: Original 1979 Release,3gqDnBM5iWXBCtXf4BA7Kv,1
Robert Fripp,Exposure - Third Edition,1vgTXO4ETPayB09w8cBT4D,1
Robert Fripp,Hāaden Two - First Edition: Original 1979 Release,3DD0Unf32FhSFm0hM43Zeg,1
Robert Fripp,Hāaden Two - Third Edition,584eNwrzcj6u6uwClTbD79,1
Robert Fripp,I May Not Have Had Enough Of Me But I've Had Enough Of You - First Edition: Original 1979 Release,6sVVOPJ7tkh224bjTlOtMc,0
Robert Fripp,Mary - First Edition: Original 1979 Release,3mj5u9HeDY0aVV7oash05e,1
Robert Fripp,NY3 - First Edition: Original 1979 Release,2q8ubucsu1FzGqPYpbgSPC,1
Robert Fripp,North Star - First Edition: Original 1979 Release,6NbsjfQxowtHPfwX1lCqp8,1
Robert Fripp,Preface - First Edition: Original 1979 Release,2iBgqtZBtd1njIEV5Um1eF,1
Robert Fripp,The Heavenly Music Corporation I,69mvqf8XQoldmh6RLcvEjb,1
Robert Fripp,Urban Landscape - First Edition: Original 1979 Release,0RtgeLugFcValO3oqnzGJx,1
Robert Fripp,Urban Landscape - Third Edition,2kd7JBocaKhOheH1Jscda0,1
Robert Fripp,Wind On Water,6CHo2rZCwJ5v6JKLzdc8Fe,2
Robert Fripp,You Burn Me Up I'm A Cigarette - First Edition: Original 1979 Release,25zzeaIDJeF7JtceA3AOTb,0
Ruins,0' 33,3Nn7Q17oFdrI7L4Eobfx7n,0
Ruins,Classical Music Medley,6CFjMNDRTFIPIq31Dn9wdk,2
Ruins,Comme A La Radio,4uxtvPFlsm7i8otjJKkIGc,1
Ruins,Del Fanci Kant,2vt8nkjPideFgvsYRwjYKI,3
Ruins,Dolnnen Vlast,2QBxyOs4Xsl3FT44Zsxcjk,1
Ruins,Economic Mond Possa,1q9S10pWPpIDkOhdAbO84n,1
Ruins,Gharaviss Perrdoh,14jix01VFQKDmR9DbG71Ta,2
Ruins,Gravestone,25X2kFkTafzh7t27whSjCD,3
Ruins,Hard Rock Medley,4I3jh2SR1xuEP0dyoxjB5g,2
Ruins,Memories Of Zworrisdeh,5VIhtE8ninAI0IudmAC44c,1
Ruins,Pallaschtom,2Rvg3S5iuqzAGqM3IOHX0t,4
Ruins,Pig Brag Crak,6ch8rZHnuSGSnJ0InHxVn4,1
Ruins,Pontemcorary Music #1,0cHqW4mrHkOiVZiaK3ZWlV,1
Ruins,Pontemcorary Music #2,54dJ0YvU3ye4XYsUG5UAUT,1
Ruins,Prrifth,6YJfzerBNkSB9pFbTpaT19,1
Ruins,Skyscraper,4bHyefF23V8AlquPmIiRkW,1
Ruins,Stone Eater,21CjYswdlcJorMR4Eo3Maa,1
Ruins,Zurna Taksim,42c3qcpWFG4zIohM40xGg2,2
Rush,Armor and Sword,6ZXtAlyP1lNWfIJ2faQvwP,1
Rush,BU2B,6CiPGcWJ3YykntxFjaaOJH,1
Rush,BU2B2,3zkVj459Ihoe84z3C7qlqY,1
Rush,Caravan,43l8BalXmo4y50runkgJEh,2
Rush,Carnies,1E67jlQYbkbYwAuYBUM3k4,1
Rush,Clockwork Angels,0mhh1nYcfI2uKkCaxKdGYT,1
Rush,Cygnus X-1 Book II: Hemispheres,7xxZUTxxlkiFEMzL6lYXtF,2
Rush,Far Cry,4oln108lelSadoqEFlwCZi,4
Rush,Halo Effect,6oZJhVw9oYz6MN1SBMPYFu,1
Rush,Headlong Flight,2K0tmrLNQFWAPFXdxOmHn8,3
Rush,Seven Cities of Gold,1bMEynxrPX5DoPcKTt1yxf,1
Rush,Spindrift,1dmIlrag3uTxCI815XgXrr,1
Rush,The Anarchist,7LkMvdPlagxLNKTU77Z1SO,2
Rush,The Garden,6CRNYiqBld7XK4plDLk3lL,1
Rush,The Larger Bowl,6XP1lxHvGRqttJq7bogFQ0,1
Rush,The Wreckers,2s5oNg5BmJg1GwSqkPbzrT,1
Rush,Wish Them Well,05AxLHZd9zgxZRGJV0Jv3f,1
Rush,Workin' Them Angels,36ypZxzbhZOh68bzs1giOd,0
Simon & Garfunkel,Kathy's Song,4Acofe9hICRvyBTP5hFNk0,0
Sun Ra,Discipline 33,6StxSg0pHDTb7C9vr35HOw,3
Sun Ra,Images,1KrKE7IsMFAG2IDwfea2qF,5
Sun Ra,Lanquidity - Alternate Mix,7CfOeDvWdgJyW6RXAJ2v6O,1
Sun Ra,Lanquidity - Remastered,6fqVcTrMdDWCMyOWUVX7EL,1
Sun Ra,Rocket Number Nine,3OFEpHWt95QR9bIa0rAq4P,2
Sun Ra,Sea Of Sound,3noyIBAmlPnEM2ZhgbJVR3,1
Sun Ra,Space Is The Place,1hpdVGEaZovrlcnY0Yqcc9,4
Sun Ra,That’s How I Feel - Alternate Mix,04WM5ZPDdLFI3cOkxT0Ows,1
Sun Ra,That’s How I Feel - Remastered,1WZtLsb49RoxxJKgwym6J5,1
Sun Ra,There Are Other Worlds (They Have Not Told You Of) - Alternate Mix,3jPDPD1bzNbXp2Vt7akK1s,1
Sun Ra,There Are Other Worlds (They Have Not Told You Of) - Remastered,5WMZPvAyAmayd1SUDCtCYl,1
Sun Ra,Twin Stars of Thence - Alternate Mix,4sbekXsNIReoD6kcUYR5J0,2
Sun Ra,Twin Stars of Thence - Remastered,38XnyZVBmdiion7AhAZtxD,1
Sun Ra,Where Pathways Meet - Alternate Mix,7dCFHyKSlfx7auZNeJNbdi,1
TOOL,"10,000 Days (Wings Pt 2)",4OhqsmPMreC0EFCo3OmDSm,1
TOOL,Bottom,46XOHK5QfCC83yg5SOGjZk,1
TOOL,Die Eier von Satan,2uzCJ4ckvFhv6F9Q1CMkys,1
TOOL,Eon Blue Apocalypse,5aVJ5rv7ghWSkQaqP726tE,1
TOOL,Eulogy,0RVFjx2HwbHcl5SCSADpFP,2
TOOL,Fear Inoculum,39zWYYZStDgWi32sOU9AX4,1
TOOL,Forty Six & 2,6AioOohg4bQZFA4jIYQQ2r,2
TOOL,H.,5fYzuUxtcaJaRRaxMoM2DT,1
TOOL,Hooker With A Penis,3S4G4SL15Cp4CvAfmye8um,1
TOOL,Intension,2ae6mkuD2gJnJQADl488et,1
TOOL,Intermission,56IPgOpV9w1suGl7Lu9qeZ,1
TOOL,Intolerance,2cF1W1G0sERJu0Y49tGjnx,1
TOOL,Invincible,2xKDKtJBLDPd7BF3VmSQQO,1
TOOL,Jambi,2gbPu2QNqhnnqtfK3yyeZ0,1
TOOL,Jimmy,09KJ3XQZ9RQ5prbSp59Wbc,2
TOOL,Lateralus,7tvuLLroI0n6uYBWuFig5d,1
TOOL,Lipan Conjuring,7dP42zpNCIsEHlnRLZGo0i,1
TOOL,Lost Keys (Blame Hofman),0PLtBp8VchqMaJMl4abJaZ,1
TOOL,Mantra,4KVTRIZIj1WWIxitbREDnK,2
TOOL,Message To Harry Manback,13aTOYQ4xvj84VACPu9zur,1
TOOL,Parabol,1vxu8vMNshg5J8z3oA7QJZ,2
TOOL,Parabola,1vxu8vMNshg5J8z3oA7QJZ,2
TOOL,Pneuma,03sEzk1VyrUZSgyhoQR0LZ,1
TOOL,Prison Sex,6bBfqZW47dwndIfYQcB0VR,2
TOOL,Pushit,4CbHM5bpfOfMNxNgVDHJRw,1
TOOL,Right In Two,0NLDZzVke3Qu7vDhWyGzRk,1
TOOL,Rosetta Stoned,0D8l86LXxKcgKAO17DfQsl,1
TOOL,Schism,55mJleti2WfWEFNFcBduhc,1
TOOL,Sober,6DyywdbmTzlmXBzG9ym7Rt,2
TOOL,Stinkfist,0pwObEOHolQZSldJ2q1wpy,2
TOOL,The Grudge,6ZsZxNP4Iwdyp3kd5oFFQN,1
TOOL,The Patient,0Klbxk3g96Qae4DbCnUNcT,1
TOOL,The Pot,1lATXTBJDHwawvT1UfxWu3,1
TOOL,Ticks & Leeches,0Cnx6PGogxIE2RnDcnoeK8,1
TOOL,Useful Idiot,5Ca9qZBftB2kGmuUOoJoea,1
TOOL,Vicarious,65ShmiE5aLBdcIGr7tHX35,1
TOOL,Viginti Tres,1A00hgLu1S7Q3GNMAjs5mX,1
TOOL,Wings For Marie (Pt 1),1BDuMlv8zbeBmwFEBmE6N9,1
TOOL,Ænema,0nLOl4fSiBZKGFla5pLUtf,1
Ten Years After,Hear Me Calling,5wpyY8Ti67mufZgM9jpIhK,3
Ten Years After,Uncle Jam - 2004 Remaster,6TF2TDe7vRzjncQa2RLesJ,1
The Alan Parsons Project,A Dream Within A Dream - 1987 Remix,4if2YzjQiHL6uTs25o8DIu,1
The Alan Parsons Project,I Robot,4sCCZW0ezEPAexAidFsoVm,4
The Band,I Shall Be Released - Remastered 2000,1IoRkyadylakMOukD7uN67,5
The Beatles,Get Back - Remastered 2009,4MLBqAEzNN89o2M9h92Z26,3
The Brian Jonestown Massacre,As The Carousel Swings,1uZbt95sSgLcCdEIKK9Bnc,1
The Brian Jonestown Massacre,Cold To The Touch,0EyOEn4Gf49BqiLqHR65kC,2
The Brian Jonestown Massacre,"Days, Weeks and Moths",6OKkuKr9ZiYMh6OBRmszBK,2
The Brian Jonestown Massacre,Drained,3J6jE5PGpTSTuJcrBVLcJF,2
The Brian Jonestown Massacre,Ineffable Mindfuck,75tF0Bd8L00CnnpvI9OA8Y,1
The Brian Jonestown Massacre,Memory Camp,4pG88FtmCjTEpgQe4JkWj6,1
The Brian Jonestown Massacre,You Have Been Disconnected,2AeHNfGRroXY4OnrZCIiIH,2
The Kinks,Act Nice and Gentle (Mono Mix),5nlumiTX9APmANOJYX1HfL,2
The Kinks,I'm Not Like Everybody Else (Mono Mix),6OfDFOy6hDhN6qHeaCQGBh,0
The Mothers Of Invention,It Can't Happen Here,7eIyQ6QsAypL1EmUN8liCg,0
The Mothers Of Invention,Motherly Love,0uGCweX5CIFtYlp1BqO23P,3
The Rolling Stones,Around And Around,5uAiJO2YixjY3LtkIK3FUJ,5
The Rolling Stones,Bye Bye Johnny - Live,6VPUQdR0Ts7FaqPwCGx6nU,1
The Rolling Stones,Gimme Shelter - Remastered 2019,14uQWXYRflpBP8J6olZ8mH,4
The Rolling Stones,"Good Times, Bad Times - Mono Version",4RoHJvJ7MXPVj9CL15dQph,4
The Rolling Stones,Highwire - Live / Remastered 2009,7tlbHVveasgXlT0HmHXm5Y,1
The Rolling Stones,Honky Tonk Women - Mono,3RZMzCvYsmJ0u2ioKTOsmJ,2
The Rolling Stones,Jumpin' Jack Flash - Live,2iJgSdIk6Re4tphu6E3GJT,0
The Rolling Stones,Jumpin' Jack Flash - Mono,55LRDFmsuazr533WrtHHW9,0
The Rolling Stones,Live With Me - Live At The Roundhouse / 1971,7e9uwVCDFBLRVwXAltjvHB,1
The Rolling Stones,Midnight Rambler - Live At The Roundhouse / 1971,4A0oGykvqU944YwUvY5pJj,1
The Rolling Stones,Midnight Rambler - Remastered 2019,25aTcw734DDdb78Av3xz4B,2
The Rolling Stones,Monkey Man - Remastered 2019,7B3B9tt6XJQdch3DrbvWC4,3
The Rolling Stones,Roll Over Beethoven - Saturday Club / 1963,7ABz5DJmakiEuws6HbSlNr,2
The Rolling Stones,She Smiled Sweetly,4VeenLChnVtXj5ZXPfGUZh,8
The Rolling Stones,She’s A Rainbow - Remastered 2017 / Stereo,500cBxmsfXyCUB081x39co,1
The Rolling Stones,Something Happened To Me Yesterday,0CxcNZFoAULGLih1zDG1o2,2
The Rolling Stones,Stray Cat Blues - Live At The Roundhouse / 1971,3hGfQArBNlXATkpjcfg7ai,1
The Rolling Stones,Street Fighting Man - Live,7Jnhi80ih9NBQtWsX6M6Je,6
The Rolling Stones,You Better Move On,46faF3vV3iLY6GfkZjnYG6,4
The Who,Going Mobile - Remix,1kE57leZoKdtYoJouYAaFP,1
The Who,My Generation - Live On The Smothers Brothers Comedy Hour,1gm7q6vlN9I9m7IptmR3aN,1
Thelonious Monk,Blue Monk - Rudy Van Gelder Remaster,2C3rh8eX5vltOmwrz9I78n,7
Thelonious Monk,Body and Soul,7IAFc5iQti2tzob7Uo7N1Y,2
Thelonious Monk,Five Spot Blues,61ieytawm4bscc4GDE8nqq,2
Tinariwen,Imidiwan Ma Tennam,59WY0eed7GMsvgE4gUgSCp,3
UFO,High Flyer - 2007 Remaster,2EmRLcp2bfN5DpDtlRVD6k,1
UFO,Lights Out - 2008 Remaster,6rHF1P6L6XWdNmM8LeSR4Q,3
UFO,Lipstick Traces - 2007 Remaster,0lJ8EaAeHeBux57hvDaQmM,1
UFO,Rock Bottom - 2007 Remaster,719muV16yNGh6AxmCeMby1,2
UFO,Too Hot to Handle - 2008 Remaster,5RHmu4Ym2WHwmx4lWJdHXr,2
Van Der Graaf Generator,Whatever Would Robert Have Said? - 2005 Digital Remaster,45xzWV3cUhXYaxFzYvx73j,1
Van Morrison,Crazy Love - 2013 Remaster,2hjAc6x8EoSLhGxRNg8KEw,4
Wayne Shorter,Deluge - Rudy Van Gelder 24 Bit Mastering/1999 Digital Remaster,1WTeBG1uctVhtWM6ZfOaWk,1
Wayne Shorter,House Of Jade - Alternate Take,1IogmRGZMwkp3A5N5BNS1T,1
Wayne Shorter,House Of Jade - Rudy Van Gelder 24 Bit Mastering/1999 Digital Remaster,5tIDZCixAvskZRL867Ewh5,1
Wayne Shorter,Juju - Alternate Take,676GFJ10fxTUzNL4pbRKCE,1
Wayne Shorter,Juju - Rudy Van Gelder 24 Bit Mastering / 1999 Digital Remaster,7Ke18a4dLDyjdBRNd5iLLM,1
Wayne Shorter,Mahjong - Rudy Van Gelder 24 Bit Mastering/1999 Digital Remaster,6TwPabnj1LeqVsmRJVYqY3,1
Wayne Shorter,Twelve More Bars To Go - Rudy Van Gelder 24 Bit Mastering/1999 Digital Remaster,5NEYr07MeW3Kp64GobkQAk,1
Wayne Shorter,Yes Or No - Rudy Van Gelder 24 Bit Mastering/1999 Digital Remaster,2PGjqrXgOBqP8G4R6EKmpR,1
Weather Report,Seventh Arrow,6dqNdJDpT3NHgEIT9QV7dB,1
Weather Report,Tears,6wRyZdGnuH1Buz1d7vGThS,4
Weather Report,Waterfall,1AgLAGAu3aOdZdCTBkswmB,2
Wishbone Ash,Alone,319VE1hSYzD1ntCEzhFLZl,3
Wishbone Ash,F*U*B*B,1Dx1ZPaterHe14K9Hxehby,4
Wishbone Ash,Hometown,1zIAuqqGaNuQ7otvAKHb0q,1
Wishbone Ash,Vas Dis,66mSxuufBv9HqKrCk9LiZF,6
Xaal,Al Abad,2kYvtngGG3iKH7RongVzP3,1
Xaal,Force,1oljk5Miith5iSgWpcNkd9,1
Xaal,Jamais Tranquille,5yecYTOyIruzQJeiFvR2gc,1
Xaal,Piège,5YzRxfykGBqTTBhbniTqtn,1
Xaal,Rah,3YbYjxDi3c0wpRjlbneRKN,1
Yes,Can You Imagine,4FLmdYJKZUUxhNoqLmum9r,1
Yes,"Close to the Edge (i. The Solid Time of Change, ii. Total Mass Retain, iii. I Get up I Get Down, iv. Seasons of Man) - 2003 Remaster",47dPsSo7cEDNkvIOSB4O2k,0
Yes,Don't Go,13dspPh4sUsvmaHQ6HTasb,0
Yes,Evensong,4UXV1tK0Xds8mg7IkAyidn,1
Yes,Final Eyes,43x6Fy9ZCq4yJxggM3SgH1,2
Yes,"Fly from Here, Pt. II: Sad Night at the Airfield",707KlyJNsieAheYwlTxT6b,1
Yes,Give Love Each Day,7AhaRSoHtq9OoC0qZYuEg6,1
Yes,Heart of the Sunrise,3vwjrVDFKelpfuD6yO1oW4,1
Yes,Hearts,5hMjg3wo1hcRU54heE13Iv,1
Yes,High - Previously Unissued,1gbx2Q0R6tA6s9sYBgFxNB,1
Yes,Machine Messiah,0cuDpH47VOBdqbnG5XCdii,5
Yes,Machine Messiah - Live,4Ha0x2h6ss4FGNZXWXyPIW,1
Yes,Magnification,43F7VxfrcSBvOshqx1L0hr,1
Yes,Mood for a Day - 2024 Remaster,4pSiYsh5czPSJoVMLiRH3U,1
Yes,Ritual (Nous Sommes du Soleil) - 2003 Remaster,5yNgz81bgXvDnvSXBkLQZb,1
Yes,Roundabout - 2024 Remaster,466C6kwoJHLUJ8VHG98hCY,1
Yes,Spirit of Survival,7o2UhwUNZvqgKVqHUcg91J,1
Yes,Starship Trooper: Life Seeker / Disillusion / Würm - 2023 Remaster,3MubLrfaCK0V5g9SjOhe7l,1
Yes,Tempus Fugit,6YmnF4T8NFadmlIbF6yGjB,4
Yes,The Ancient / Giants Under the Sun - 2003 Remaster,0zGTMw2gDRZmGzWVK1tqnv,1
Yes,The Fish (Schindleria Praematurus) - 2024 Remaster,2YzHNIhohdbov0BRN8HcLN,1
Yes,Then - 2013 Remaster,3IyajfsNvPyIQj4rwJxtwT,1
Yes,We Agree,5PP4lCoK5w7fio8rwufPMA,1
Yes,We Have Heaven - 2024 Remaster,52Mh5ShCVvTaE8hyEAo6xs,1
Yes,White Car - Live,1ELCCmLtkzfq5M34IlyDaN,1
Zao,Bakus,4uXFkgLTCEEmXSsBGJQXVt,1
Zao,Elioth,12N7UYCwjHbQaaWhXQoV72,1
Zao,Joyl,66rfysnD03uqdSJRQgtwTF,1
Zao,Metatron,6yfpv0KvlaMNurfWLbj5Jz,1
Zao,Thebes,29RKDiUiVpwzrRDkrtp7A2,1
Zao,Yen-lang,0ZWrYDKX1076DC8WwSdOVt,1
Zao,Zita,06CTJkmvqM2gxTZHbF9ahF,1
Zao,Zohar,2Z5mir6msr5TZSCNj2RKzX,3
